,PLAN,YEAR,CF_ASSET,CF_LIAB,CF_CUM_ASSET,CF_CUM_LIAB,COUPON,PRINCIPAL,GAP,CF_CUM
0,u101,2021,3225202.15,2489386.7109970003,3225202.15,2489386.7109970003,416255.15,2808947.0,735815.4390029996,735815.4390029996
1,u101,2022,8400070.8,1079130.2546031,11625272.950000001,3568516.9656001003,275807.80000000005,8124263.0,7320940.545396901,8056755.984399901
2,u101,2023,731087.65,418506.21078713,12356360.600000001,3987023.1763872304,19594.65,711493.0,312581.43921287,8369337.423612772
3,u101,2024,257670.0,154599.64385773998,12614030.600000001,4141622.8202449703,12270.0,245400.0,103070.35614226002,8472407.779755032
4,u102,2021,79843870.28965001,78094564.338698,79843870.28965001,78094564.338698,24186877.28965,55656993.0,1749305.9509520084,1749305.9509520084
5,u102,2022,101420208.64840001,76695176.932098,181264078.93805003,154789741.270796,22015208.6484,79405000.0,24725031.716302007,26474337.66725403
6,u102,2023,63868132.1484,64192427.397927,245132211.08645004,218982168.668723,20046132.148399998,43822000.0,-324295.2495269999,26150042.417727053
7,u102,2024,104566970.14840001,67218586.710206,349699181.23485005,286200755.378929,18806132.1484,85760838.0,37348383.43819401,63498425.85592103
8,u102,2025,91634147.14840001,64509278.979223,441333328.38325006,350710034.35815203,14636132.1484,76998015.0,27124868.16917701,90623294.02509803
9,u102,2026,67505971.14840001,67744087.69931799,508839299.53165007,418454122.05747,13464132.148400001,54041839.0,-238116.55091798306,90385177.47418004
10,u102,2027,52761665.398399994,54260731.40631,561600964.93005,472714853.46378005,12026182.398400001,40735483.0,-1499066.0079100057,88886111.46626997
11,u102,2028,44443522.5,47269835.516847,606044487.43005,519984688.98062706,10495553.5,33947969.0,-2826313.0168469995,86059798.44942296
12,u102,2029,92198155.05,43733443.422791004,698242642.48005,563718132.4034181,8798155.05,83400000.0,48464711.62720899,134524510.0766319
13,u102,2030,36805256.05,39251301.09016,735047898.5300499,602969433.4935781,6108155.05,30697101.0,-2446045.0401600003,132078465.03647184
14,u102,2031,8573300.0,37425379.85287,743621198.5300499,640394813.3464481,4573300.0,4000000.0,-28852079.852870002,103226385.18360186
15,u102,2032,62803300.0,31718138.221621,806424498.5300499,672112951.5680691,4403300.0,58400000.0,31085161.778379,134311546.96198082
16,u102,2033,2620800.0,29364110.159067,809045298.5300499,701477061.7271361,2620800.0,0.0,-26743310.159067,107568236.80291378
17,u102,2034,2620800.0,26525241.125693,811666098.5300499,728002302.8528291,2620800.0,0.0,-23904441.125693,83663795.67722082
18,u102,2035,2620800.0,20460264.371404998,814286898.5300499,748462567.2242341,2620800.0,0.0,-17839464.371404998,65824331.305815816
19,u102,2036,5620800.0,23008606.231481,819907698.5300499,771471173.4557151,2620800.0,3000000.0,-17387806.231481,48436525.07433486
20,u102,2037,65020800.0,15152604.150749,884928498.5300499,786623777.606464,2620800.0,62400000.0,49868195.849251,98304720.92358589
21,u102,2038,6000000.0,11565352.252491001,890928498.5300499,798189129.858955,0.0,6000000.0,-5565352.252491001,92739368.6710949
22,u102,2039,13400000.0,10333341.637584,904328498.5300499,808522471.496539,0.0,13400000.0,3066658.362415999,95806027.03351092
23,u102,2040,18750000.0,9181927.4182768,923078498.5300499,817704398.9148158,0.0,18750000.0,9568072.5817232,105374099.61523414
24,u102,2041,15000000.0,9074307.6407365,938078498.5300499,826778706.5555522,0.0,15000000.0,5925692.3592635,111299791.97449768
25,u103,2021,22969935.775,22564536.354700003,22969935.775,22564536.354700003,2364319.775,20605616.0,405399.4202999957,405399.4202999957
26,u103,2022,16549038.975000001,15718034.874673,39518974.75,38282571.229373,1709038.975,14840000.0,831004.1003270019,1236403.5206269994
27,u103,2023,7709038.975000001,7093604.6265434,47228013.725,45376175.8559164,1709038.975,6000000.0,615434.3484566007,1851837.8690835983
28,u103,2024,6709038.975000001,5220508.1339331,53937052.7,50596683.9898495,1709038.975,5000000.0,1488530.8410669006,3340368.7101505026
29,u103,2025,8782841.975,5088309.8603804,62719894.675000004,55684993.850229904,1709038.975,7073803.0,3694532.1146195997,7034900.8247701
30,u103,2026,2608158.9749999996,4283966.8760746,65328053.650000006,59968960.7263045,1608158.975,1000000.0,-1675807.9010746004,5359092.923695505
31,u103,2027,3799358.9749999996,5691714.535514,69127412.625,65660675.2618185,1599358.975,2200000.0,-1892355.5605140002,3466737.3631815016
32,u103,2028,6381924.975000001,9033470.732073199,75509337.6,74694145.9938917,1578888.975,4803036.0,-2651545.7570731984,815191.6061082929
33,u103,2029,9234406.8,5434628.5476708,84743744.39999999,80128774.5415625,1434406.7999999998,7800000.0,3799778.2523292005,4614969.858437493
34,u103,2030,1258766.7999999998,4954560.676795,86002511.19999999,85083335.2183575,1258766.7999999998,0.0,-3695793.8767950004,919175.9816424847
35,u103,2031,5823589.800000001,5386103.5289509,91826100.99999999,90469438.7473084,1258766.7999999998,4564823.0,437486.2710491009,1356662.2526915818
36,u103,2032,3649005.65,5208490.1028036,95475106.64999999,95677928.850112,1049005.65,2600000.0,-1559484.4528036,-202822.200112015
37,u103,2033,5523168.65,5293923.6716387,100998275.3,100971852.5217507,938255.65,4584913.0,229244.9783613002,26422.778249293566
38,u103,2034,709010.0,3729614.1672047996,101707285.3,104701466.6889555,709010.0,0.0,-3020604.1672047996,-2994181.3889555037
39,u103,2035,3209010.0,3156341.1675246004,104916295.3,107857807.8564801,709010.0,2500000.0,52668.8324753996,-2941512.5564801097
40,u103,2036,3402760.0,2690085.6523657003,108319055.3,110547893.5088458,702760.0,2700000.0,712674.3476342997,-2228838.208845809
41,u103,2037,8591250.0,4000266.0211326,116910305.3,114548159.52997841,591250.0,8000000.0,4590983.9788674,2362145.7700215876
42,u103,2038,318250.0,4171879.6086722,117228555.3,118720039.13865061,318250.0,0.0,-3853629.6086722,-1491483.838650614
43,u103,2039,318250.0,1429018.8861329,117546805.3,120149058.0247835,318250.0,0.0,-1110768.8861329,-2602252.72478351
44,u103,2040,6018250.0,1628387.8090016001,123565055.3,121777445.8337851,318250.0,5700000.0,4389862.1909984,1787609.4662148952
45,u103,2041,6993750.0,1081005.758143,130558805.3,122858451.5919281,293750.0,6700000.0,5912744.241857,7700353.708071902
46,u104,2021,28656338.733749997,26629082.02886,28656338.733749997,26629082.02886,10367476.73375,18288862.0,2027256.7048899978,2027256.7048899978
47,u104,2022,22715151.63375,21477338.319374,51371490.36749999,48106420.348234,9512283.63375,13202868.0,1237813.3143760003,3265070.0192659944
48,u104,2023,18212830.23375,17500160.615996,69584320.60125,65606580.96423,8887140.233749999,9325690.0,712669.6177540012,3977739.637019992
49,u104,2024,24054166.733749997,23632781.156615,93638487.335,89239362.120845,8466355.733749999,15587811.0,421385.57713499665,4399125.2141549885
50,u104,2025,39030322.13375,39022681.762071,132668809.46875,128262043.882916,8041571.13375,30988751.0,7640.3716790005565,4406765.585833997
51,u104,2026,30667994.983749997,21267564.56278,163336804.4525,149529608.445696,7077994.98375,23590000.0,9400430.420969997,13807196.00680399
52,u104,2027,21755239.983749997,16108177.95793,185092044.43624997,165637786.403626,6655239.98375,15100000.0,5647062.025819996,19454258.032623976
53,u104,2028,10253739.983749999,8248538.825456999,195345784.41999996,173886325.229083,6523739.98375,3730000.0,2005201.1582929995,21459459.190916955
54,u104,2029,17914376.98375,7416547.413737801,213260161.40374994,181302872.6428208,6411340.98375,11503036.0,10497829.5700122,31957288.760929137
55,u104,2030,14948158.79375,12192760.061518999,228208320.19749993,193495632.7043398,5928158.79375,9020000.0,2755398.7322310004,34712687.49316013
56,u104,2031,24024233.79375,16029813.809432,252232553.99124992,209525446.5137718,5649233.79375,18375000.0,7994419.984317999,42707107.47747812
57,u104,2032,26983233.79375,15864493.570678,279215787.7849999,225389940.0844498,5479233.79375,21504000.0,11118740.223072,53825847.70055011
58,u104,2033,33474262.79375,22743444.263975002,312690050.5787499,248133384.3484248,4374262.79375,29100000.0,10730818.529774997,64556666.2303251
59,u104,2034,39813762.79375,29131468.591213997,352503813.3724999,277264852.9396388,3913762.79375,35900000.0,10682294.202536006,75238960.43286109
60,u104,2035,28897362.79375,35618490.47215799,381401176.1662499,312883343.4117968,3471362.79375,25426000.0,-6721127.678407993,68517832.75445306
61,u104,2036,36422212.79375,27845885.298015002,417823388.95999986,340729228.7098118,3396612.79375,33025600.0,8576327.495735,77094160.25018805
62,u104,2037,32215033.59375,19744373.937083997,450038422.55374986,360473602.6468958,2755033.59375,29460000.0,12470659.656666003,89564819.90685403
63,u104,2038,1541053.59375,4050989.6912046997,451579476.14749986,364524592.33810055,1541053.59375,0.0,-2509936.0974546997,87054883.8093993
64,u104,2039,1541053.59375,2927055.0940364,453120529.74124986,367451647.43213695,1541053.59375,0.0,-1386001.5002863999,85668882.3091129
65,u104,2040,8541053.59375,2712783.1541409,461661583.33499986,370164430.58627784,1541053.59375,7000000.0,5828270.4396091,91497152.74872202
66,u104,2041,5356053.59375,2747814.3371326,467017636.92874986,372912244.9234104,1196053.59375,4160000.0,2608239.2566174,94105392.00533944
67,u104,2042,1014033.59375,2628346.4275668,468031670.52249986,375540591.35097724,1014033.59375,0.0,-1614312.8338167998,92491079.17152262
68,u104,2043,1014033.59375,2400747.5047282,469045704.11624986,377941338.85570544,1014033.59375,0.0,-1386713.9109782,91104365.26054442
69,u104,2044,11316033.59375,2802098.2853631,480361737.70999986,380743437.1410685,1014033.59375,10302000.0,8513935.3083869,99618300.56893134
70,u104,2045,8342962.59375,2682493.2882372,488704700.30374986,383425930.42930573,483480.59375,7859482.0,5660469.3055128,105278769.87444413
71,u104,2046,4188750.0,2120471.8445693,492893450.30374986,385546402.27387506,188750.0,4000000.0,2068278.1554307002,107347048.0298748
72,u104,2047,72750.0,1624204.0584597,492966200.30374986,387170606.33233476,72750.0,0.0,-1551454.0584597,105795593.9714151
73,u104,2048,72750.0,801600.35916493,493038950.30374986,387972206.6914997,72750.0,0.0,-728850.35916493,105066743.61225015
74,u104,2049,72750.0,578899.63476585,493111700.30374986,388551106.3262656,72750.0,0.0,-506149.63476585003,104560593.97748429
75,u104,2050,72750.0,853121.3851997199,493184450.30374986,389404227.7114653,72750.0,0.0,-780371.3851997199,103780222.59228456
76,u104,2051,72750.0,467213.57253302,493257200.30374986,389871441.2839983,72750.0,0.0,-394463.57253302,103385759.01975155
77,u104,2052,72750.0,365761.67569993995,493329950.30374986,390237202.95969826,72750.0,0.0,-293011.67569993995,103092747.3440516
78,u104,2053,72750.0,393830.89446338,493402700.30374986,390631033.8541616,72750.0,0.0,-321080.89446338,102771666.44958824
79,u104,2054,72750.0,774968.37179864,493475450.30374986,391406002.22596025,72750.0,0.0,-702218.37179864,102069448.0777896
80,u104,2055,72750.0,620257.50630322,493548200.30374986,392026259.73226345,72750.0,0.0,-547507.50630322,101521940.57148641
81,u104,2056,72750.0,328724.21426196,493620950.30374986,392354983.9465254,72750.0,0.0,-255974.21426196,101265966.35722446
82,u104,2057,72750.0,270495.355162,493693700.30374986,392625479.3016874,72750.0,0.0,-197745.355162,101068221.00206244
83,u104,2058,72750.0,100304.82444979,493766450.30374986,392725784.1261372,72750.0,0.0,-27554.82444979,101040666.17761266
84,u104,2059,72750.0,91109.80737841601,493839200.30374986,392816893.9335156,72750.0,0.0,-18359.807378416008,101022306.37023425
85,u104,2060,72750.0,112000.0,493911950.30374986,392928893.9335156,72750.0,0.0,-39250.0,100983056.37023425
86,u104,2061,72750.0,79279.34137209,493984700.30374986,393008173.2748877,72750.0,0.0,-6529.341372089999,100976527.02886218
87,u104,2062,72750.0,97300.0,494057450.30374986,393105473.2748877,72750.0,0.0,-24550.0,100951977.02886218
88,u104,2063,72750.0,67700.0,494130200.30374986,393173173.2748877,72750.0,0.0,5050.0,100957027.02886218
89,u104,2064,72750.0,157000.0,494202950.30374986,393330173.2748877,72750.0,0.0,-84250.0,100872777.02886218
90,u104,2065,72750.0,130809.19658455,494275700.30374986,393460982.4714722,72750.0,0.0,-58059.196584549994,100814717.83227766
91,u104,2066,72750.0,55700.0,494348450.30374986,393516682.4714722,72750.0,0.0,17050.0,100831767.83227766
92,u104,2067,72750.0,53800.0,494421200.30374986,393570482.4714722,72750.0,0.0,18950.0,100850717.83227766
93,u104,2068,72750.0,69600.0,494493950.30374986,393640082.4714722,72750.0,0.0,3150.0,100853867.83227766
94,u104,2069,72750.0,36500.0,494566700.30374986,393676582.4714722,72750.0,0.0,36250.0,100890117.83227766
95,u104,2070,72750.0,50300.0,494639450.30374986,393726882.4714722,72750.0,0.0,22450.0,100912567.83227766
96,u104,2071,72750.0,69800.0,494712200.30374986,393796682.4714722,72750.0,0.0,2950.0,100915517.83227766
97,u104,2072,72750.0,49800.0,494784950.30374986,393846482.4714722,72750.0,0.0,22950.0,100938467.83227766
98,u104,2073,72750.0,-0.0,494857700.30374986,393846482.4714722,72750.0,0.0,72750.0,101011217.83227766
99,u104,2074,72750.0,-0.0,494930450.30374986,393846482.4714722,72750.0,0.0,72750.0,101083967.83227766
100,u104,2075,72750.0,-0.0,495003200.30374986,393846482.4714722,72750.0,0.0,72750.0,101156717.83227766
101,u104,2076,72750.0,-0.0,495075950.30374986,393846482.4714722,72750.0,0.0,72750.0,101229467.83227766
102,u104,2077,72750.0,-0.0,495148700.30374986,393846482.4714722,72750.0,0.0,72750.0,101302217.83227766
103,u104,2078,1572750.0,-0.0,496721450.30374986,393846482.4714722,72750.0,1500000.0,1572750.0,102874967.83227766
104,u105,2021,10097986.07,-23269324.668378,10097986.07,-23269324.668378,1997986.07,8100000.0,33367310.738378,33367310.738378
105,u105,2022,14182156.07,-22712282.380165,24280142.14,-45981607.048543,1782156.07,12400000.0,36894438.450165,70261749.18854299
106,u105,2023,7194806.07,-22216202.692231,31474948.21,-68197809.740774,1694806.07,5500000.0,29411008.762231,99672757.95077401
107,u105,2024,7118656.07,-21712414.068454,38593604.28,-89910223.809228,1618656.07,5500000.0,28831070.138454,128503828.089228
108,u105,2025,2532956.0700000003,-21407273.290174,41126560.35,-111317497.09940201,1532956.07,1000000.0,23940229.360174,152444057.449402
109,u105,2026,11621061.07,-21093573.411546,52747621.42,-132411070.510948,1508956.0699999998,10112105.0,32714634.481546,185158691.93094802
110,u105,2027,2868206.07,-20917142.132488,55615827.49,-153328212.643436,1368206.0699999998,1500000.0,23785348.202488,208944040.13343602
111,u105,2028,1343756.0699999998,-20705582.159677,56959583.56,-174033794.803113,1343756.0699999998,0.0,22049338.229677,230993378.36311302
112,u105,2029,3018756.07,-20437360.61237,59978339.63,-194471155.415483,1343756.0699999998,1675000.0,23456116.68237,254449495.045483
113,u105,2030,1253756.0699999998,-20139962.126178,61232095.7,-214611117.541661,1253756.0699999998,0.0,21393718.196178,275843213.241661
114,u105,2031,1853756.07,-19621471.201233998,63085851.77,-234232588.742895,1253756.0699999998,600000.0,21475227.271234,297318440.512895
115,u105,2032,12603756.07,-19094942.025436997,75689607.84,-253327530.768332,1253756.0699999998,11350000.0,31698698.095436998,329017138.60833204
116,u105,2033,1917348.07,-18548844.380396,77606955.91,-271876375.148728,632756.07,1284592.0,20466192.450396,349483331.058728
117,u105,2034,4218456.07,-18202972.887255,81825411.97999999,-290079348.035983,632756.07,3585700.0,22421428.957255002,371904760.015983
118,u105,2035,497933.75,-17811098.587377,82323345.72999999,-307890446.62336004,497933.75,0.0,18309032.337377,390213792.35336006
119,u105,2036,497933.75,-17189854.870174002,82821279.47999999,-325080301.493534,497933.75,0.0,17687788.620174002,407901580.973534
120,u105,2037,497933.75,-16388387.414898999,83319213.22999999,-341468688.908433,497933.75,0.0,16886321.164899,424787902.138433
121,u105,2038,497933.75,-15295603.920358999,83817146.97999999,-356764292.82879204,497933.75,0.0,15793537.670358999,440581439.808792
122,u105,2039,1066933.75,-14446758.126077,84884080.72999999,-371211050.95486903,497933.75,569000.0,15513691.876077,456095131.68486905
123,u105,2040,473751.25,-13664460.977632,85357831.97999999,-384875511.932501,473751.25,0.0,14138212.227632,470233343.912501
124,u105,2041,6733484.25,-12873163.678807,92091316.22999999,-397748675.61130804,473751.25,6259733.0,19606647.928806998,489839991.841308
125,u105,2042,473751.25,-12162838.781027,92565067.47999999,-409911514.39233506,473751.25,0.0,12636590.031027,502476581.8723351
126,u105,2043,473751.25,-11486193.454925,93038818.72999999,-421397707.84726006,473751.25,0.0,11959944.704925,514436526.57726
127,u105,2044,473751.25,-10692278.65296,93512569.97999999,-432089986.50022006,473751.25,0.0,11166029.90296,525602556.4802201
128,u105,2045,473751.25,-9999588.6895052,93986321.22999999,-442089575.1897253,473751.25,0.0,10473339.9395052,536075896.4197253
129,u105,2046,473751.25,-9307722.102920001,94460072.47999999,-451397297.2926453,473751.25,0.0,9781473.352920001,545857369.7726452
130,u105,2047,473751.25,-8577806.471223,94933823.72999999,-459975103.7638683,473751.25,0.0,9051557.721223,554908927.4938682
131,u105,2048,8502776.25,-7956725.6997666,103436599.97999999,-467931829.46363485,473751.25,8029025.0,16459501.949766599,571368429.4436349
132,u105,2049,3072300.0,-7327321.4416225,106508899.97999999,-475259150.90525734,72300.0,3000000.0,10399621.4416225,581768050.8852574
145,u108,2021,305646.1,1793074.33147,305646.1,1793074.33147,305646.1,0.0,-1487428.23147,-1487428.23147
146,u108,2022,1781269.0999999999,1547073.6881078,2086915.1999999997,3340148.0195778003,305646.1,1475623.0,234195.4118921999,-1253232.8195778006
147,u108,2023,1487915.9500000002,1327501.1539661,3574831.15,4667649.1735439,231864.95,1256051.0,160414.79603390023,-1092818.0235439003
148,u108,2024,1190912.4,1165978.3303958,4765743.55,5833627.5039397,190912.4,1000000.0,24934.069604199845,-1067883.9539397005
149,u108,2025,1169357.4,1046745.5284247999,5935100.949999999,6880373.032364501,182112.4,987245.0,122611.8715752,-945272.0823645014
150,u108,2026,632750.15,914094.2324381201,6567851.1,7794467.264802621,132750.15,500000.0,-281344.08243812004,-1226616.1648026211
151,u108,2027,881708.15,808458.15405362,7449559.25,8602925.41885624,103250.15,778458.0,73249.99594638008,-1153366.1688562408
152,u108,2028,750872.25,716545.59094394,8200431.5,9319471.00980018,64327.25,686545.0,34326.659056060016,-1119039.5098001808
153,u108,2029,530000.0,641739.1702147301,8730431.5,9961210.18001491,30000.0,500000.0,-111739.17021473008,-1230778.6800149102
154,u108,2030,0.0,584617.4990216299,8730431.5,10545827.67903654,0.0,0.0,-584617.4990216299,-1815396.179036541
155,u108,2031,526000.0,538677.1601332701,9256431.5,11084504.839169811,0.0,526000.0,-12677.160133270081,-1828073.3391698115
156,u109,2021,13109649.5334,13661518.1866,13109649.5334,13661518.1866,5009649.5334,8100000.0,-551868.6532000005,-551868.6532000005
157,u109,2022,16445149.5334,15695218.468013002,29554799.0668,29356736.654613003,4645149.5334,11800000.0,749931.0653869975,198062.41218699515
158,u109,2023,15199424.5334,14782239.083428998,44754223.6002,44138975.738042,4661669.5334,10537755.0,417185.4499710016,615247.8621580005
159,u109,2024,13708165.783400001,13817868.646989,58462389.3836,57956844.385031,4134781.7834,9573384.0,-109702.8635889981,505544.9985689968
160,u109,2025,20948912.5834,14506696.347616002,79411301.967,72463540.732647,3748912.5834,17200000.0,6442216.235783998,6947761.234352991
161,u109,2026,14488366.5834,14906738.436133001,93899668.55039999,87370279.16878,3166432.5834,11321934.0,-418371.8527330011,6529389.38161999
162,u109,2027,9939535.8834,11886519.139124999,103839204.43379998,99256798.307905,2839535.8833999997,7100000.0,-1946983.2557249982,4582406.125894979
163,u109,2028,8294235.8834,11277274.274938999,112133440.31719998,110534072.582844,2694235.8834,5600000.0,-2983038.391538999,1599367.7343559712
164,u109,2029,11080275.8834,10767181.040531999,123213716.20059997,121301253.623376,2580275.8834,8500000.0,313094.84286800213,1912462.5772239715
165,u109,2030,5570275.8834,10350104.591657,128783992.08399996,131651358.215033,2070275.8834000002,3500000.0,-4779828.708257,-2867366.131033033
166,u109,2031,11256925.8834,10212690.826395001,140040917.96739995,141864049.041428,2056925.8834000002,9200000.0,1044235.0570049994,-1823131.074028045
167,u109,2032,21084595.8834,8548752.1573674,161125513.85079995,150412801.1987954,1984595.8834000002,19100000.0,12535843.7260326,10712712.65200454
168,u109,2033,4875695.8834,9736551.9816483,166001209.73419994,160149353.1804437,1875695.8834000002,3000000.0,-4860856.0982483,5851856.553756237
169,u109,2034,5438195.8834,8350571.1604549,171439405.61759993,168499924.3408986,1838195.8834000002,3600000.0,-2912375.2770549003,2939481.276701331
170,u109,2035,7769821.8834,8464290.702654,179209227.50099993,176964215.0435526,1772765.8834000002,5997056.0,-694468.8192540007,2245012.45744732
171,u109,2036,1972913.0834000001,7487718.4860895,181182140.58439994,184451933.5296421,1472913.0834000001,500000.0,-5514805.4026895,-3269792.9452421665
172,u109,2037,1466013.0834000001,7778907.3640972,182648153.66779995,192230840.8937393,1466013.0834000001,0.0,-6312894.2806972,-9582687.225939363
173,u109,2038,7451600.0834,7152321.1789935,190099753.75119996,199383162.0727328,1466013.0834000001,5985587.0,299278.90440650005,-9283408.321532845
174,u109,2039,1166733.7334,6630157.993704201,191266487.48459995,206013320.066437,1166733.7334,0.0,-5463424.2603042,-14746832.581837058
175,u109,2040,6214638.7334,6487210.0383423995,197481126.21799994,212500530.1047794,1166733.7334,5047905.0,-272571.30494239926,-15019403.886779457
176,u109,2041,19420875.0,5708805.314509,216902001.21799994,218209335.4192884,970875.0,18450000.0,13712069.685491,-1307334.2012884617
177,u109,2042,186750.0,4824741.1058993,217088751.21799994,223034076.5251877,186750.0,0.0,-4637991.1058993,-5945325.307187766
178,u109,2043,186750.0,3634925.0568027003,217275501.21799994,226669001.5819904,186750.0,0.0,-3448175.0568027003,-9393500.363990456
179,u109,2044,2686750.0,2905202.1266957,219962251.21799994,229574203.70868608,186750.0,2500000.0,-218452.1266957,-9611952.490686148
180,u109,2045,58000.0,2415802.0373605,220020251.21799994,231990005.74604657,58000.0,0.0,-2357802.0373605,-11969754.528046638
181,u109,2046,2058000.0,3224922.1654481,222078251.21799994,235214927.91149467,58000.0,2000000.0,-1166922.1654480998,-13136676.693494737
182,u110,2021,57919225.45000001,42228522.58098,57919225.45000001,42228522.58098,19834225.45,38085000.0,15690702.869020008,15690702.869020008
183,u110,2022,71456704.45,71270426.31429099,129375929.9,113498948.89527099,18121160.45,53335544.0,186278.13570901752,15876981.004729018
184,u110,2023,96398700.05,96897998.453029,225774629.95,210396947.34829998,16584089.049999999,79814611.0,-499298.4030290097,15377682.601700008
185,u110,2024,92436243.5,93636272.854956,318210873.45,304033220.203256,13959978.499999998,78476265.0,-1200029.354956001,14177653.246743977
186,u110,2025,102921485.25,91893698.346224,421132358.7,395926918.54948,11891485.249999998,91030000.0,11027786.903776005,25205440.150519967
187,u110,2026,63526850.25000001,70559352.012045,484659208.95,466486270.561525,9577850.249999998,53949000.0,-7032501.762044989,18172938.388475
188,u110,2027,13694158.049999999,20321910.863853,498353367.0,486808181.42537796,8194158.05,5500000.0,-6627752.813853001,11545185.574622035
189,u110,2028,40636563.050000004,31594744.726747997,538989930.05,518402926.15212595,8036563.05,32600000.0,9041818.323252007,20587003.897873998
190,u110,2029,42133063.050000004,33995543.832577,581122993.0999999,552398469.984703,6728063.05,35405000.0,8137519.217423007,28724523.11529696
191,u110,2030,22244653.05,30631077.338173,603367646.1499999,583029547.322876,4979653.05,17265000.0,-8386424.2881729975,20338098.82712388
192,u110,2031,27416055.55,27475368.571761,630783701.6999998,610504915.894637,4716055.55,22700000.0,-59313.02176100016,20278785.80536282
193,u110,2032,29555035.55,21512809.515077,660338737.2499998,632017725.409714,4455035.55,25100000.0,8042226.034923002,28321011.840285778
194,u110,2033,12344085.549999999,17976919.179533,672682822.7999997,649994644.589247,3184085.5500000003,9160000.0,-5632833.629533002,22688178.210752726
195,u110,2034,20674625.55,17205389.574646,693357448.3499997,667200034.163893,2974625.5500000003,17700000.0,3469235.975354001,26157414.18610668
196,u110,2035,13551742.549999999,14522874.524407,706909190.8999996,681722908.6883,2768225.5500000003,10783517.0,-971131.9744070005,25186282.211699605
197,u110,2036,7229049.7,12194917.282354,714138240.5999997,693917825.970654,2229049.7,5000000.0,-4965867.582353999,20220414.629345655
198,u110,2037,2022549.7,11828775.274942,716160790.2999997,705746601.245596,2022549.7,0.0,-9806225.574942,10414189.054403663
199,u110,2038,10288393.7,9875101.986449301,726449183.9999998,715621703.2320454,2022549.7,8265844.0,413291.713550698,10827480.76795435
200,u110,2039,1609257.5,9198341.726194201,728058441.4999998,724820044.9582396,1609257.5,0.0,-7589084.226194201,3238396.541760206
201,u110,2040,15109257.5,7659324.695156099,743167698.9999998,732479369.6533957,1609257.5,13500000.0,7449932.804843901,10688329.346604109
202,u110,2041,21290757.5,6652612.8947699,764458456.4999998,739131982.5481656,1290757.5,20000000.0,14638144.6052301,25326473.9518342
203,u110,2042,350757.5,5855517.7406402,764809213.9999998,744987500.2888057,350757.5,0.0,-5504760.2406402,19821713.71119404
204,u110,2043,350757.5,4866751.006991699,765159971.4999998,749854251.2957975,350757.5,0.0,-4515993.506991699,15305720.204202294
205,u110,2044,2355757.5,3590630.2360308,767515728.9999998,753444881.5318283,350757.5,2005000.0,-1234872.7360307998,14070847.468171477
206,u110,2045,1047500.0,3539367.3795669,768563228.9999998,756984248.9113952,247500.0,800000.0,-2491867.3795669,11578980.08860457
207,u110,2046,7717500.0,2501649.6708776997,776280728.9999998,759485898.5822729,217500.0,7500000.0,5215850.3291223,16794830.417726874
208,u120,2021,4666412.05,1832237.3848020001,4666412.05,1832237.3848020001,2266412.05,2400000.0,2834174.6651979997,2834174.6651979997
209,u120,2022,6058762.05,2245418.1786642997,10725174.1,4077655.5634663,2158762.05,3900000.0,3813343.8713357,6647518.5365337
210,u120,2023,4254762.05,4208620.3341117995,14979936.149999999,8286275.8975781,1964762.05,2290000.0,46141.71588820033,6693660.252421899
211,u120,2024,6518652.05,4478445.5218916,21498588.2,12764721.4194697,1868652.05,4650000.0,2040206.5281083994,8733866.7805303
212,u120,2025,4983557.05,3582069.8880040995,26482145.25,16346791.3074738,1808557.05,3175000.0,1401487.1619959003,10135353.9425262
213,u120,2026,7238199.55,3768067.8749588,33720344.8,20114859.1824326,1738199.55,5500000.0,3470131.6750411997,13605485.617567398
214,u120,2027,3271299.55,926550.5374908999,36991644.349999994,21041409.7199235,1671299.55,1600000.0,2344749.0125091,15950234.630076494
215,u120,2028,3617299.55,1935819.2656605,40608943.89999999,22977228.985584,1617299.55,2000000.0,1681480.2843395,17631714.914415993
216,u120,2029,1553699.55,1712097.9820831001,42162643.44999999,24689326.9676671,1553699.55,0.0,-158398.43208310008,17473316.48233289
217,u120,2030,3053699.55,2170706.4587382,45216342.999999985,26860033.4264053,1553699.55,1500000.0,882993.0912617999,18356309.573594686
218,u120,2031,8024449.55,2357903.6501354002,53240792.54999998,29217937.0765407,1524449.55,6500000.0,5666545.899864599,24022855.47345928
219,u120,2032,2453749.55,1541133.6771632999,55694542.09999998,30759070.753704,1453749.55,1000000.0,912615.8728367,24935471.34629598
220,u120,2033,3437449.55,2177151.6578003,59131991.649999976,32936222.4115043,1437449.55,2000000.0,1260297.8921996998,26195769.238495678
221,u120,2034,5177449.55,2267678.6912346003,64309441.19999997,35203901.1027389,1377449.55,3800000.0,2909770.8587653995,29105540.09726107
222,u120,2035,2014789.55,1920854.1622609,66324230.74999997,37124755.2649998,1339789.55,675000.0,93935.38773910003,29199475.48500017
223,u120,2036,2328302.05,1578562.8134945002,68652532.79999997,38703318.0784943,1328302.05,1000000.0,749739.2365054996,29949214.721505664
224,u120,2037,6494502.05,2174969.6641799,75147034.84999996,40878287.7426742,1314502.05,5180000.0,4319532.3858201,34268747.10732576
225,u120,2038,1780102.05,1879205.5497360998,76927136.89999996,42757493.2924103,1180102.05,600000.0,-99103.49973609974,34169643.60758966
226,u120,2039,2143922.05,1899467.7495757001,79071058.94999996,44656961.041985996,1143922.05,1000000.0,244454.30042429967,34414097.90801396
227,u120,2040,3567122.05,2589513.2498382,82638180.99999996,47246474.2918242,1090122.05,2477000.0,977608.8001617999,35391706.708175756
228,u120,2041,4020698.05,5203449.034033401,86658879.04999995,52449923.3258576,1019698.05,3001000.0,-1182750.9840334011,34208955.72414235
229,u120,2042,887021.05,5554746.046447,87545900.09999995,58004669.3723046,887021.05,0.0,-4667724.996447,29541230.727695346
230,u120,2043,887021.05,8265168.9885382,88432921.14999995,66269838.3608428,887021.05,0.0,-7378147.9385382,22163082.789157145
231,u120,2044,10524812.05,9902723.271200001,98957733.19999994,76172561.6320428,887021.05,9637791.0,622088.7787999995,22785171.567957148
232,u120,2045,404699.5,5617455.919173299,99362432.69999994,81790017.5512161,404699.5,0.0,-5212756.419173299,17572415.148783848
233,u120,2046,5304699.5,3776929.0573390005,104667132.19999994,85566946.6085551,404699.5,4900000.0,1527770.4426609995,19100185.59144485
234,u120,2047,3354589.5,3199990.8446944,108021721.69999994,88766937.4532495,262599.5,3091990.0,154598.6553055998,19254784.246750444
235,u120,2048,4108000.0,2965417.9741303,112129721.69999994,91732355.4273798,108000.0,4000000.0,1142582.0258697001,20397366.27262014
236,u121,2021,7587445.05,16962090.14901,7587445.05,16962090.14901,5087445.05,2500000.0,-9374645.099009998,-9374645.099009998
237,u121,2022,19279947.05,18953311.925065003,26867392.1,35915402.074075,4960230.05,14319717.0,326635.1249349974,-9048009.974074997
238,u121,2023,13102949.2,18642129.22242,39970341.3,54557531.296495,4302949.2,8800000.0,-5539180.02242,-14587189.996495001
239,u121,2024,18164039.2,18371603.154245,58134380.5,72929134.45074,4124039.2,14040000.0,-207563.95424500108,-14794753.950739995
240,u121,2025,18453229.2,16392585.374792,76587609.7,89321719.82553199,3999229.2,14454000.0,2060643.825207999,-12734110.125531986
241,u121,2026,37465526.5,14684419.642486999,114053136.2,104006139.468019,3775526.5,33690000.0,22781106.857513003,10046996.73198101
242,u121,2027,13750212.5,12104584.977494,127803348.7,116110724.445513,3250212.5,10500000.0,1645627.5225060005,11692624.254487008
243,u121,2028,12715462.5,11277923.152164,140518811.2,127388647.59767699,3081462.5,9634000.0,1437539.3478360008,13130163.602322996
244,u121,2029,11176407.5,11465485.892818,151695218.7,138854133.490495,2886407.5,8290000.0,-289078.39281800017,12841085.209504992
245,u121,2030,11233737.5,9732436.0694558,162928956.2,148586569.5599508,2583737.5,8650000.0,1501301.4305441994,14342386.64004919
246,u121,2031,12388412.5,9828262.4870737,175317368.7,158414832.0470245,2338412.5,10050000.0,2560150.012926299,16902536.6529755
247,u121,2032,9190462.5,8983310.062991701,184507831.2,167398142.1100162,2177462.5,7013000.0,207152.43700829893,17109689.08998379
248,u121,2033,10809585.0,8187053.8389036,195317416.2,175585195.9489198,1778585.0,9031000.0,2622531.1610963996,19732220.251080185
249,u121,2034,6694068.5,8203546.388241701,202011484.7,183788742.3371615,1444068.5,5250000.0,-1509477.8882417008,18222742.362838477
250,u121,2035,12543518.5,7475181.4997494,214555003.2,191263923.8369109,1384518.5,11159000.0,5068337.0002506,23291079.363089085
251,u121,2036,1211677.0,7163227.5224273,215766680.2,198427151.3593382,1211677.0,0.0,-5951550.5224273,17339528.840661794
252,u121,2037,12259677.0,7131565.5228359,228026357.2,205558716.8821741,1211677.0,11048000.0,5128111.4771641,22467640.317825884
253,u121,2038,747661.0,5650852.783462901,228774018.2,211209569.66563702,747661.0,0.0,-4903191.783462901,17564448.53436297
254,u121,2039,847661.0,5653716.610053699,229621679.2,216863286.2756907,747661.0,100000.0,-4806055.610053699,12758392.924309283
255,u121,2040,8946281.0,4569351.1074399,238567960.2,221432637.3831306,746281.0,8200000.0,4376929.8925601,17135322.816869378
256,u121,2041,3769721.0,4011604.8383551002,242337681.2,225444242.2214857,476721.0,3293000.0,-241883.83835510025,16893438.978514284
257,u121,2042,321950.0,3881432.0443553003,242659631.2,229325674.265841,321950.0,0.0,-3559482.0443553003,13333956.93415898
258,u121,2043,321950.0,2772584.3024102002,242981581.2,232098258.5682512,321950.0,0.0,-2450634.3024102002,10883322.631748796
259,u121,2044,2821950.0,2783508.0822033,245803531.2,234881766.6504545,321950.0,2500000.0,38441.917796699796,10921764.549545497
260,u121,2045,193200.0,2403967.8041878003,245996731.2,237285734.4546423,193200.0,0.0,-2210767.8041878003,8710996.745357692
261,u121,2046,4993200.0,1827363.5954367002,250989931.2,239113098.050079,193200.0,4800000.0,3165836.4045633,11876833.149921
262,u121,2047,54000.0,1739190.4394460998,251043931.2,240852288.48952508,54000.0,0.0,-1685190.4394460998,10191642.710474908
263,u121,2048,2054000.0,1131518.8455854,253097931.2,241983807.3351105,54000.0,2000000.0,922481.1544146,11114123.864889503
264,u125,2021,128282444.65,127949031.80009,128282444.65,127949031.80009,19957402.650000002,108325042.0,333412.8499100059,333412.8499100059
265,u125,2022,106300535.65,104486438.45774001,234582980.3,232435470.25783002,15468535.65,90832000.0,1814097.1922599971,2147510.042169988
266,u125,2023,90816101.75,84953360.212488,325399082.05,317388830.470318,12501101.75,78315000.0,5862741.537512004,8010251.5796819925
267,u125,2024,69346749.75,69720263.01199101,394745831.8,387109093.48230904,10555749.75,58791000.0,-373513.2619910091,7636738.3176909685
268,u125,2025,56116117.75,57095896.446895994,450861949.55,444204989.92920506,9252117.75,46864000.0,-979778.6968959942,6656959.620794952
269,u125,2026,71611434.55,47334309.707773,522473384.1,491539299.63697803,8338434.55,63273000.0,24277124.842226997,30934084.463021994
270,u125,2027,40882642.050000004,39638121.270969994,563356026.15,531177420.907948,7212444.05,33670198.0,1244520.77903001,32178605.24205196
271,u125,2028,33385866.35,33424858.213555,596741892.5,564602279.121503,5885866.35,27500000.0,-38991.86355499923,32139613.378497005
272,u125,2029,32567496.35,27757064.777884,629309388.85,592359343.899387,5059496.35,27508000.0,4810431.572116002,36950044.95061302
273,u125,2030,47291416.35,23507196.332317002,676600805.2,615866540.231704,4491416.35,42800000.0,23784220.017683,60734264.96829605
274,u125,2031,20524223.35,19647912.503263,697125028.5500001,635514452.734967,3733916.35,16790307.0,876310.8467370011,61610575.81503308
275,u125,2032,23098731.0,16416452.811408002,720223759.5500001,651930905.546375,3171731.0,19927000.0,6682278.188591998,68292854.00362504
276,u125,2033,29504928.5,13828819.688028,749728688.0500001,665759725.234403,2404928.5,27100000.0,15676108.811972,83968962.81559706
277,u125,2034,12277340.5,11700544.898923999,762006028.5500001,677460270.133327,1803178.5,10474162.0,576795.6010760013,84545758.41667306
278,u125,2035,12788830.4,9715569.9292881,774794858.95,687175840.0626152,1288830.4,11500000.0,3073260.4707119,87619018.88738489
279,u125,2036,9723280.4,8154494.9876225,784518139.35,695330335.0502377,1223280.4,8500000.0,1568785.4123775,89187804.29976237
280,u125,2037,4756830.4,7214904.2698853,789274969.75,702545239.320123,956830.4,3800000.0,-2458073.8698852994,86729730.42987704
281,u125,2038,6716588.4,6421000.786518199,795991558.15,708966240.1066412,804830.4,5911758.0,295587.613481801,87025318.0433588
282,u125,2039,509242.5,5641997.532369399,796500800.65,714608237.6390105,509242.5,0.0,-5132755.032369399,81892563.01098943
283,u125,2040,12509242.5,4859359.1514985,809010043.15,719467596.7905091,509242.5,12000000.0,7649883.3485015,89542446.35949087
284,u125,2041,3411242.5,4061039.7546221004,812421285.65,723528636.5451312,411242.5,3000000.0,-649797.2546221004,88892649.10486877
285,u125,2042,270242.5,3241229.9869388,812691528.15,726769866.53207,270242.5,0.0,-2970987.4869388,85921661.61792994
286,u125,2043,270242.5,2486017.35674,812961770.65,729255883.88881,270242.5,0.0,-2215774.85674,83705886.76118994
287,u125,2044,3265242.5,1903497.6686465,816227013.15,731159381.5574565,270242.5,2995000.0,1361744.8313535,85067631.59254348
288,u125,2045,116000.0,1456105.1843370001,816343013.15,732615486.7417935,116000.0,0.0,-1340105.1843370001,83727526.40820646
289,u125,2046,4116000.0,1112404.1129535001,820459013.15,733727890.854747,116000.0,4000000.0,3003595.8870465,86731122.29525292
290,u130,2021,7475166.199999999,8038984.19857,7475166.199999999,8038984.19857,1375166.2000000002,6100000.0,-563817.9985700008,-563817.9985700008
291,u130,2022,5168996.199999999,5682427.750552,12644162.399999999,13721411.949122,1293996.2,3875000.0,-513431.5505520003,-1077249.549122002
292,u130,2023,7043996.199999999,6479747.5674015,19688158.599999998,20201159.516523503,1293996.2,5750000.0,564248.6325984988,-513000.916523505
293,u130,2024,6912796.199999999,7605167.0784535,26600954.799999997,27806326.594977003,1230296.2,5682500.0,-692370.8784535006,-1205371.7949770056
294,u130,2025,9153996.2,7329765.5228627,35754951.0,35136092.1178397,1153996.2,8000000.0,1824230.6771372994,618858.8821602985
295,u130,2026,7107482.199999999,6452086.6167293005,42862433.2,41588178.734569,885796.2,6221686.0,655395.5832706988,1274254.4654310048
296,u130,2027,6378765.899999999,5934454.6842027,49241199.1,47522633.4187717,674711.8999999999,5704054.0,444311.2157972995,1718565.6812283024
297,u130,2028,7028952.55,6141890.4408202,56270151.65,53664523.8595919,528952.55,6500000.0,887062.1091797994,2605627.790408097
298,u130,2029,7228952.55,6014335.423070699,63499104.199999996,59678859.2826626,528952.55,6700000.0,1214617.1269293008,3820244.9173373953
299,u130,2030,348952.55,4312805.8563884,63848056.74999999,63991665.139051,348952.55,0.0,-3963853.3063884005,-143608.38905100524
300,u130,2031,348952.55,4991218.0271681,64197009.29999999,68982883.1662191,348952.55,0.0,-4642265.4771681,-4785873.866219111
301,u130,2032,348952.55,3405163.1929825,64545961.84999999,72388046.3592016,348952.55,0.0,-3056210.6429825,-7842084.509201609
302,u130,2033,2175717.55,1877165.7542726,66721679.39999998,74265212.11347419,348952.55,1826765.0,298551.7957273999,-7543532.713474207
303,u130,2034,2538001.3000000003,2330787.8115975,69259680.69999999,76595999.92507169,257614.3,2280387.0,207213.48840250028,-7336319.225071698
304,u130,2035,143594.95,1828189.44453,69403275.64999999,78424189.36960168,143594.95,0.0,-1684594.49453,-9020913.71960169
305,u130,2036,2007493.95,1914299.5449017,71410769.6,80338488.91450338,143594.95,1863899.0,93194.40509829996,-8927719.314503387
306,u130,2037,1250400.0,832268.47199133,72661169.6,81170757.38649471,50400.0,1200000.0,418131.52800866996,-8509587.786494717
317,u202,2021,3610417.14234375,3458864.9485270004,3610417.14234375,3458864.9485270004,733150.14234375,2877267.0,151552.19381674984,151552.19381674984
318,u202,2022,3284540.79234375,3276851.8768049,6894957.934687501,6735716.8253319,589286.79234375,2695254.0,7688.91553885024,159241.10935560055
319,u202,2023,2965928.09234375,3093001.4965661,9860886.02703125,9828718.321898,454524.09234375,2511404.0,-127073.4042223501,32167.705133249983
320,u202,2024,2671281.8923437498,2923926.0018459004,12532167.919375,12752644.3237439,328953.89234375,2342328.0,-252644.10950215068,-220476.40436889976
321,u202,2025,211837.49234375,2760717.3135166,12744005.41171875,15513361.6372605,211837.49234375,0.0,-2548879.82117285,-2769356.22554175
322,u202,2026,678462.4923437501,2569452.3718276,13422467.9040625,18082814.0090881,211837.49234375,466625.0,-1890989.87948385,-4660346.105025599
323,u202,2027,2135145.25,2377405.7536254,15557613.1540625,20460219.7627135,180340.25,1954805.0,-242260.5036253999,-4902606.608650999
324,u202,2028,82600.0,2217906.5091173,15640213.1540625,22678126.2718308,82600.0,0.0,-2135306.5091173,-7037913.117768301
325,u202,2029,82600.0,2075931.1236417003,15722813.1540625,24754057.3954725,82600.0,0.0,-1993331.1236417003,-9031244.24141
326,u202,2030,82600.0,1941039.7571437,15805413.1540625,26695097.1526162,82600.0,0.0,-1858439.7571437,-10889683.998553699
327,u202,2031,82600.0,1819787.8906341,15888013.1540625,28514885.0432503,82600.0,0.0,-1737187.8906341,-12626871.8891878
328,u202,2032,82600.0,1713153.4850195001,15970613.1540625,30228038.5282698,82600.0,0.0,-1630553.4850195001,-14257425.374207301
329,u202,2033,82600.0,1603048.4335035998,16053213.1540625,31831086.961773403,82600.0,0.0,-1520448.4335035998,-15777873.807710903
330,u202,2034,82600.0,1498409.6529526,16135813.1540625,33329496.614726003,82600.0,0.0,-1415809.6529526,-17193683.460663505
331,u202,2035,82600.0,1417938.8895529998,16218413.1540625,34747435.504279,82600.0,0.0,-1335338.8895529998,-18529022.3502165
332,u202,2036,2082600.0,1338706.5853416,18301013.154062502,36086142.089620605,82600.0,2000000.0,743893.4146584,-17785128.935558103
333,u206,2021,21795113.67625,31107958.861224,21795113.67625,31107958.861224,5292583.6762500005,16502530.0,-9312845.184974,-9312845.184974
334,u206,2022,19164868.604999997,29540831.451911002,40959982.28125,60648790.313135,5164868.605,14000000.0,-10375962.846911006,-19688808.031884998
335,u206,2023,19164868.604999997,27941449.323102,60124850.88625,88590239.636237,5164868.605,14000000.0,-8776580.718102004,-28465388.749987
336,u206,2024,17164868.605,26322924.564455,77289719.49125,114913164.200692,5164868.605,12000000.0,-9158055.959454998,-37623444.709442005
337,u206,2025,15164868.605,24694230.56277,92454588.09625,139607394.763462,5164868.605,10000000.0,-9529361.957770001,-47152806.66721201
338,u206,2026,23164868.604999997,23063231.572625,115619456.70124999,162670626.33608702,5164868.605,18000000.0,101637.03237499669,-47051169.63483703
339,u206,2027,17677815.604999997,21439051.522078,133297272.30624998,184109677.85816503,4633868.605,13043947.0,-3761235.9170780033,-50812405.55191505
340,u206,2028,19203758.605,19831771.806902003,152501030.91124997,203941449.66506702,4633868.605,14569890.0,-628013.2019020021,-51440418.75381705
341,u206,2029,62030845.85,18250092.296398997,214531876.76124996,222191541.961466,3893353.85,58137492.0,43780753.553601004,-7659665.200216055
342,u206,2030,17986613.849999998,16706020.746311001,232518490.61124995,238897562.70777702,2961193.85,15025420.0,1280593.1036889963,-6379072.09652707
343,u206,2031,15607956.85,15078634.314076003,248126447.46124995,253976197.02185303,2209922.85,13398034.0,529322.5359239969,-5849749.560603082
344,u206,2032,14540021.15,13648523.99174,262666468.61124995,267624721.01359302,1540021.15,13000000.0,891497.1582600009,-4958252.402343065
345,u206,2033,12138444.15,12279023.459073,274804912.76124996,279903744.472666,850021.15,11288423.0,-140579.30907299928,-5098831.711416066
346,u206,2034,285600.0,10980388.352776999,275090512.76124996,290884132.825443,285600.0,0.0,-10694788.352776999,-15793620.06419307
347,u206,2035,285600.0,9755796.3062096,275376112.76124996,300639929.13165265,285600.0,0.0,-9470196.3062096,-25263816.370402694
348,u206,2036,285600.0,8608953.2184154,275661712.76124996,309248882.35006803,285600.0,0.0,-8323353.2184154,-33587169.58881807
349,u206,2037,6285600.0,7542273.8525698995,281947312.76124996,316791156.2026379,285600.0,6000000.0,-1256673.8525698995,-34843843.44138795
350,u206,2038,117600.00000000001,6558347.019947801,282064912.76124996,323349503.22258574,117600.00000000001,0.0,-6440747.019947801,-41284590.46133578
351,u206,2039,117600.00000000001,5658199.9060935,282182512.76124996,329007703.1286792,117600.00000000001,0.0,-5540599.9060935,-46825190.36742926
352,u206,2040,2517600.0,4842365.1517862,284700112.76124996,333850068.2804654,117600.00000000001,2400000.0,-2324765.1517862,-49149955.519215465
353,u207,2021,2270977.65,2131433.800411,2270977.65,2131433.800411,1270977.6500000001,1000000.0,139543.849589,139543.849589
354,u207,2022,1213477.6500000001,231354.3127531,3484455.3,2362788.1131641,1213477.6500000001,0.0,982123.3372469002,1121667.1868359
355,u207,2023,1213477.6500000001,727942.7970623799,4697932.95,3090730.9102264796,1213477.6500000001,0.0,485534.85293762025,1607202.0397735205
356,u207,2024,4273477.649999999,4887487.633556301,8971410.6,7978218.54378278,1213477.6500000001,3060000.0,-614009.9835563013,993192.0562172197
357,u207,2025,4262047.649999999,3141712.5798465996,13233458.25,11119931.12362938,1062047.6500000001,3200000.0,1120335.0701533998,2113527.12637062
358,u207,2026,7593997.649999999,5802205.9790824,20827455.9,16922137.10271178,988997.65,6605000.0,1791791.6709175995,3905318.7972882167
359,u207,2027,2428997.65,2827394.9737388003,23256453.549999997,19749532.076450583,988997.65,1440000.0,-398397.32373880036,3506921.4735494144
360,u207,2028,2149397.6500000004,2175609.5766991004,25405851.199999996,21925141.653149683,949397.65,1200000.0,-26211.926699100062,3480709.5468503125
361,u207,2029,6501030.6499999985,6108967.7910229005,31906881.849999994,28034109.444172584,907147.65,5593883.0,392062.858977098,3872772.4058274105
362,u207,2030,3825988.5,2570079.1062539998,35732870.349999994,30604188.550426584,625988.5,3200000.0,1255909.3937460002,5128681.79957341
363,u207,2031,1045988.5,1396219.5140693,36778858.849999994,32000408.064495884,545988.5,500000.0,-350231.0140692999,4778450.78550411
364,u207,2032,2933488.5,1634751.696694,39712347.349999994,33635159.761189885,538488.5,2395000.0,1298736.803306,6077187.588810109
365,u207,2033,487026.0,362048.29560391,40199373.349999994,33997208.056793794,487026.0,0.0,124977.70439609,6202165.2932062
366,u207,2034,2168856.0,1842137.8260976002,42368229.349999994,35839345.882891394,487026.0,1681830.0,326718.17390239984,6528883.4671086
367,u207,2035,4008825.5,3741198.5284052,46377054.849999994,39580544.41129659,412934.5,3595891.0,267626.9715947998,6796510.438703403
368,u207,2036,4538221.95,4390389.6334599005,50915276.8,43970934.044756494,236139.95,4302082.0,147832.31654009968,6944342.755243503
369,u207,2037,4135935.85,2979902.3388774,55051212.65,46950836.3836339,135935.85,4000000.0,1156033.5111226002,8100376.266366102
370,u207,2038,3233262.85,3150534.7259937,58284475.5,50101371.1096276,128685.85,3104577.0,82728.12400630023,8183104.390372403
371,u207,2039,18407.0,725928.1352687599,58302882.5,50827299.24489636,18407.0,0.0,-707521.1352687599,7475583.25510364
372,u207,2040,18407.0,418387.89320706,58321289.5,51245687.13810342,18407.0,0.0,-399980.89320706,7075602.361896582
373,u207,2041,18407.0,268889.47308247,58339696.5,51514576.611185886,18407.0,0.0,-250482.47308247,6825119.888814114
374,u207,2042,508407.0,744127.1483948401,58848103.5,52258703.759580724,18407.0,490000.0,-235720.14839484007,6589399.740419276
375,u207,2043,5520.0,1097350.7276994002,58853623.5,53356054.48728012,5520.0,0.0,-1091830.7276994002,5497569.012719877
376,u207,2044,5520.0,641269.7425498599,58859143.5,53997324.22982998,5520.0,0.0,-635749.7425498599,4861819.270170018
377,u207,2045,5520.0,360630.42629725,58864663.5,54357954.65612723,5520.0,0.0,-355110.42629725,4506708.843872771
378,u207,2046,5520.0,234555.42402221,58870183.5,54592510.08014944,5520.0,0.0,-229035.42402221,4277673.419850558
379,u207,2047,405520.0,204941.26603291,59275703.5,54797451.346182354,5520.0,400000.0,200578.73396709,4478252.153817646
380,u210,2021,6925283.9,22221051.376045,6925283.9,22221051.376045,6925283.9,0.0,-15295767.476045,-15295767.476045
381,u210,2022,6925283.9,23853346.915647,13850567.8,46074398.291692,6925283.9,0.0,-16928063.015647,-32223830.491692003
382,u210,2023,31069644.9,25023406.115547,44920212.7,71097804.407239,6925283.9,24144361.0,6046238.784452997,-26177591.707239002
383,u210,2024,29759474.85,24920454.505191002,74679687.55000001,96018258.91243,5718065.850000001,24041409.0,4839020.344808999,-21338571.36242999
384,u210,2025,29761359.4,26104409.195676003,104441046.95000002,122122668.108106,4516795.4,25244564.0,3656950.204323996,-17681621.158105984
385,u210,2026,28092547.2,25670825.142981,132533594.15000002,147793493.251087,3256457.2,24836090.0,2421722.057018999,-15259899.101086989
386,u210,2027,26058956.7,24856539.786237996,158592550.85000002,172650033.037325,2010602.7,24048354.0,1202416.9137620032,-14057482.187324971
387,u210,2028,808185.0,23940426.634647004,159400735.85000002,196590459.671972,808185.0,0.0,-23132241.634647004,-37189723.82197198
388,u210,2029,4363185.0,24274137.365799997,163763920.85000002,220864597.037772,808185.0,3555000.0,-19910952.365799997,-57100676.187771976
389,u210,2030,594885.0,23232209.027418,164358805.85000002,244096806.06519,594885.0,0.0,-22637324.027418,-79738000.21518996
390,u210,2031,594885.0,22670832.008205,164953690.85000002,266767638.07339498,594885.0,0.0,-22075947.008205,-101813947.22339496
391,u210,2032,4144885.0,22096499.136035,169098575.85000002,288864137.20943,594885.0,3550000.0,-17951614.136035,-119765561.35942996
392,u210,2033,431010.0,21198650.058073,169529585.85000002,310062787.26750296,431010.0,0.0,-20767640.058073,-140533201.41750294
393,u210,2034,431010.0,20144020.952313,169960595.85000002,330206808.21981597,431010.0,0.0,-19713010.952313,-160246212.36981595
394,u210,2035,431010.0,19301728.0089,170391605.85000002,349508536.22871596,431010.0,0.0,-18870718.0089,-179116930.37871593
395,u210,2036,431010.0,18519229.035317,170822615.85000002,368027765.26403296,431010.0,0.0,-18088219.035317,-197205149.41403294
396,u210,2037,10192434.0,17902378.419133,181015049.85000002,385930143.68316597,431010.0,9761424.0,-7709944.419133,-204915093.83316594
397,u210,2038,278970.0,17157909.216953997,181294019.85000002,403088052.90011996,278970.0,0.0,-16878939.216953997,-221794033.05011994
398,u210,2039,278970.0,16452602.402988,181572989.85000002,419540655.303108,278970.0,0.0,-16173632.402988,-237967665.45310795
399,u210,2040,8091586.0,15727458.709009,189664575.85000002,435268114.01211697,278970.0,7812616.0,-7635872.709008999,-245603538.16211694
400,u210,2041,5559570.0,14807098.908888998,195224145.85000002,450075212.92100596,249570.0,5310000.0,-9247528.908888998,-254851067.07100594
401,u210,2042,0.0,14070203.455954999,195224145.85000002,464145416.376961,0.0,0.0,-14070203.455954999,-268921270.52696097
402,u210,2043,6093629.0,13326148.752718998,201317774.85000002,477471565.12968,0.0,6093629.0,-7232519.752718998,-276153790.27967995
446,u220,2021,77128.15,246537.52370999998,77128.15,246537.52370999998,77128.15,0.0,-169409.37370999999,-169409.37370999999
447,u220,2022,185635.15000000002,245828.53617674,262763.30000000005,492366.05988673994,77128.15,108507.0,-60193.386176739965,-229602.7598867399
448,u220,2023,221702.80000000002,259029.15991682006,484466.1000000001,751395.2198035601,71702.8,150000.0,-37326.359916820045,-266929.11980355997
449,u220,2024,221702.80000000002,321462.25691631,706168.9000000001,1072857.47671987,71702.8,150000.0,-99759.45691630998,-366688.57671986986
450,u220,2025,221702.80000000002,321238.96891626,927871.7000000002,1394096.44563613,71702.8,150000.0,-99536.16891625998,-466224.74563612975
451,u220,2026,221702.80000000002,321886.29878847004,1149574.5000000002,1715982.7444246,71702.8,150000.0,-100183.49878847002,-566408.2444245997
452,u220,2027,258097.80000000002,323716.31226424,1407672.3000000003,2039699.05668884,71702.8,186395.0,-65618.51226423998,-632026.7566888398
453,u220,2028,258742.05,326180.62393667,1666414.3500000003,2365879.68062551,69883.05,188859.0,-67438.57393667003,-699465.3306255096
454,u220,2029,67940.1,331880.81930156,1734354.4500000004,2697760.49992707,67940.1,0.0,-263940.71930155996,-963406.0499270696
455,u220,2030,342660.1,334520.15021622996,2077014.5500000003,3032280.6501433,67940.1,274720.0,8139.949783770018,-955266.1001432999
456,u220,2031,352286.1,347882.89590073,2429300.6500000004,3380163.54604403,64204.1,288082.0,4403.204099269991,-950862.8960440299
457,u220,2032,2520456.0,355631.20406317,4949756.65,3735794.7501072004,59800.0,2460656.0,2164824.79593683,1213961.8998928
458,u221,2021,567446.3,530614.860721,567446.3,530614.860721,127338.3,440108.0,36831.43927900004,36831.43927900004
459,u221,2022,655886.9,641061.06853143,1223333.2000000002,1171675.9292524299,105332.89999999998,550554.0,14825.831468570046,51657.27074757032
460,u221,2023,561615.2,572836.59046948,1784948.4000000001,1744512.51972191,87615.2,474000.0,-11221.390469480073,40435.88027809025
461,u221,2024,648572.0,650373.29467588,2433520.4000000004,2394885.81439779,81148.99999999999,567423.0,-1801.2946758799953,38634.58560221037
462,u221,2025,580776.85,590949.5287979901,3014297.2500000005,2985835.34319578,70257.85,510519.0,-10172.678797990084,28461.906804220285
463,u221,2026,337849.9,353548.63295829,3352147.1500000004,3339383.9761540703,58011.9,279838.0,-15698.73295828997,12763.173845930025
464,u221,2027,44020.0,192896.00183116,3396167.1500000004,3532279.9779852303,44020.0,0.0,-148876.00183116,-136112.8279852299
465,u221,2028,244020.0,117853.1906592,3640187.1500000004,3650133.16864443,44020.0,200000.0,126166.8093408,-9946.018644429743
466,u221,2029,40760.0,115816.91027681003,3680947.1500000004,3765950.0789212403,40760.0,0.0,-75056.91027681003,-85002.92892123992
467,u221,2030,40760.0,113590.19423164,3721707.1500000004,3879540.2731528804,40760.0,0.0,-72830.19423164,-157833.12315288
468,u221,2031,240760.0,111161.20593869,3962467.1500000004,3990701.4790915702,40760.0,200000.0,129598.79406131,-28234.329091569874
469,u221,2032,38000.0,108521.96029557,4000467.1500000004,4099223.4393871403,38000.0,0.0,-70521.96029557,-98756.28938713996
470,u221,2033,63000.0,105667.85516395001,4063467.1500000004,4204891.29455109,38000.0,25000.0,-42667.85516395001,-141424.14455108996
471,u221,2034,237675.0,102596.24619379999,4301142.15,4307487.54074489,37675.0,200000.0,135078.7538062,-6345.390744890086
472,u221,2035,33915.0,99304.60716853001,4335057.15,4406792.147913421,33915.0,0.0,-65389.60716853001,-71734.9979134202
473,u221,2036,33915.0,95795.536623227,4368972.15,4502587.684536648,33915.0,0.0,-61880.536623227,-133615.5345366476
474,u221,2037,283915.0,92075.29745169201,4652887.15,4594662.98198834,33915.0,250000.0,191839.702548308,58224.16801166069
475,u221,2038,29665.0,88154.83860065001,4682552.15,4682817.82058899,29665.0,0.0,-58489.83860065001,-265.6705889897421
476,u221,2039,29665.0,84056.342623014,4712217.15,4766874.163212004,29665.0,0.0,-54391.342623014,-54657.013212003745
477,u221,2040,29665.0,79806.628726051,4741882.15,4846680.791938055,29665.0,0.0,-50141.628726051,-104798.64193805493
478,u221,2041,727665.0,75433.12874077201,5469547.15,4922113.920678827,29665.0,698000.0,652231.871259228,547433.2293211734
479,u229,2021,11534550.7,10187052.301679,11534550.7,10187052.301679,2358623.7,9175927.0,1347498.398320999,1347498.398320999
480,u229,2022,9779680.35,8653478.525033299,21314231.049999997,18840530.8267123,1957062.35,7822618.0,1126201.8249667007,2473700.223287698
481,u229,2023,8420258.45,7645187.8626836,29734489.499999996,26485718.689395897,1562681.4500000002,6857577.0,775070.5873163994,3248770.810604099
482,u229,2024,7602184.6,7119992.8489505,37336674.099999994,33605711.538346395,1246002.6,6356182.0,482191.75104949996,3730962.561653599
483,u229,2025,2471893.5,6499655.1880896995,39808567.599999994,40105366.72643609,971893.5,1500000.0,-4027761.6880896995,-296799.1264360994
484,u229,2026,2962443.5,5976325.324004499,42771011.099999994,46081692.050440595,962443.5,2000000.0,-3013881.8240044992,-3310680.9504406005
485,u229,2027,2237343.5,5629109.8312975,45008354.599999994,51710801.8817381,937343.5,1300000.0,-3391766.3312975,-6702447.281738102
486,u229,2028,5501063.5,5286680.334372199,50509418.099999994,56997482.2161103,913393.5,4587670.0,214383.16562780086,-6488064.1161103025
487,u229,2029,4259760.0,5061308.3863934,54769178.099999994,62058790.602503695,684760.0,3575000.0,-801548.3863933999,-7289612.502503701
488,u229,2030,6778185.0,4765270.218641,61547363.099999994,66824060.82114469,470260.0,6307925.0,2012914.7813590001,-5276697.721144699
489,u229,2031,3723281.0,4416334.4120572,65270644.099999994,71240395.23320189,470260.0,3253021.0,-693053.4120572004,-5969751.133201897
490,u229,2032,2354310.0,4187748.9977957,67624954.1,75428144.23099759,454310.0,1900000.0,-1833438.9977957,-7803190.130997598
491,u229,2033,408810.0,4031595.1406828,68033764.1,79459739.3716804,408810.0,0.0,-3622785.1406828,-11425975.2716804
492,u229,2034,14315239.0,3898543.4272298,82349003.1,83358282.7989102,408810.0,13906429.0,10416695.5727702,-1009279.6989102066
493,u229,2035,408810.0,3747855.5724664,82757813.1,87106138.3713766,408810.0,0.0,-3339045.5724664,-4348325.27137661
494,u229,2036,408810.0,3574403.2458459996,83166623.1,90680541.6172226,408810.0,0.0,-3165593.2458459996,-7513918.517222613
495,u229,2037,6248810.0,3420319.0458852,89415433.1,94100860.66310781,408810.0,5840000.0,2828490.9541148,-4685427.563107818
496,u229,2038,1252790.0,3233660.4421560997,90668223.1,97334521.10526392,252790.0,1000000.0,-1980870.4421560997,-6666298.005263925
497,u229,2039,697790.0,3058443.6854617996,91366013.1,100392964.79072572,212790.0,485000.0,-2360653.6854617996,-9026951.690725729
498,u229,2040,5835829.0,2888034.5332629,97201842.1,103280999.32398862,203540.0,5632289.0,2947794.4667371,-6079157.223988622
499,u229,2041,3006915.0,2732680.2895199,100208757.1,106013679.61350852,186915.0,2820000.0,274234.7104801,-5804922.5135085285
500,u229,2042,54375.0,2553657.5490849,100263132.1,108567337.16259342,54375.0,0.0,-2499282.5490849,-8304205.06259343
501,u229,2043,54375.0,2397646.1818823,100317507.1,110964983.34447573,54375.0,0.0,-2343271.1818823,-10647476.244475737
502,u229,2044,54375.0,2248435.9229436,100371882.1,113213419.26741934,54375.0,0.0,-2194060.9229436,-12841537.167419344
503,u229,2045,54375.0,2098839.2939935997,100426257.1,115312258.56141293,54375.0,0.0,-2044464.2939935997,-14886001.461412936
504,u229,2046,1929375.0,1955379.7325310002,102355632.1,117267638.29394393,54375.0,1875000.0,-26004.73253100016,-14912006.193943933
505,u230,2021,1777977.4000000001,1718239.3031050002,1777977.4000000001,1718239.3031050002,329738.4,1448239.0,59738.096894999966,59738.096894999966
506,u230,2022,1680153.4500000002,1692827.4251604,3458130.8500000006,3411066.7282654,257326.45,1422827.0,-12673.975160399918,47064.121734600514
507,u230,2023,1564412.1,1648227.1176154,5022542.950000001,5059293.8458808,186185.1,1378227.0,-83815.01761540002,-36750.89588079881
508,u230,2024,117273.75,1599395.0274407,5139816.700000001,6658688.8733215,117273.75,0.0,-1482121.2774407,-1518872.1733214986
509,u230,2025,817273.75,1545339.6174032,5957090.450000001,8204028.4907247,117273.75,700000.0,-728065.8674031999,-2246938.0407246985
510,u230,2026,1325863.75,1478590.324364,7282954.200000001,9682618.8150887,117273.75,1208590.0,-152726.574364,-2399664.6150886994
511,u230,2027,1193729.25,1406885.3224614002,8476683.450000001,11089504.1375501,56844.25,1136885.0,-213156.07246140018,-2612820.6875500996
512,u230,2028,0.0,1332588.4900464998,8476683.450000001,12422092.6275966,0.0,0.0,-1332588.4900464998,-3945409.177596599
513,u230,2029,1500000.0,1256311.1956423,9976683.450000001,13678403.8232389,0.0,1500000.0,243688.80435770005,-3701720.373238899
514,u231,2021,290808.75,312267.77278,290808.75,312267.77278,290808.75,0.0,-21459.02278,-21459.02278
515,u231,2022,290808.75,311259.38119107,581617.5,623527.15397107,290808.75,0.0,-20450.631191070017,-41909.65397106996
516,u231,2023,290808.75,308798.66859159,872426.25,932325.82256266,290808.75,0.0,-17989.918591590016,-59899.572562659974
517,u231,2024,690808.7500000001,306316.74376994,1563235.0,1238642.5663326,290808.75,400000.0,384492.0062300601,324592.4336673999
518,u231,2025,284288.75,303801.44640067,1847523.75,1542444.01273327,284288.75,0.0,-19512.696400669985,305079.73726673005
519,u231,2026,284288.75,301215.19628884,2131812.5,1843659.2090221099,284288.75,0.0,-16926.446288839972,288153.29097789014
520,u231,2027,634288.7500000001,298503.23972301005,2766101.25,2142162.44874512,284288.75,350000.0,335785.51027699007,623938.8012548801
521,u231,2028,280788.75,478179.47731024004,3046890.0,2620341.9260553597,280788.75,0.0,-197390.72731024004,426548.07394464035
522,u231,2029,1080788.75,636365.7444570101,4127678.75,3256707.67051237,280788.75,800000.0,444423.00554298994,870971.0794876302
523,u231,2030,513998.75,779014.6538046601,4641677.5,4035722.3243170297,263998.75,250000.0,-265015.9038046601,605955.1756829703
524,u231,2031,1312423.75,771758.78577318,5954101.25,4807481.110090209,252423.75,1060000.0,540664.96422682,1146620.1399097908
525,u231,2032,656770.75,764078.04431473,6610872.0,5571559.154404939,236923.75,419847.0,-107307.29431472998,1039312.8455950608
526,u231,2033,319931.4,755921.03543712,6930803.4,6327480.189842059,215931.39999999997,104000.0,-435989.63543712,603323.2101579411
527,u231,2034,618904.4,747203.54817095,7549707.800000001,7074683.73801301,209951.39999999997,408953.0,-128299.14817095001,475024.0619869912
528,u231,2035,589069.75,737816.5013870599,8138777.550000001,7812500.239400069,189503.75,399566.0,-148746.75138705992,326277.3105999315
529,u231,2036,1369525.45,727645.35148332,9508303.0,8540145.59088339,169525.44999999998,1200000.0,641880.09851668,968157.4091166109
530,u231,2037,589965.4500000001,716578.27127696,10098268.45,9256723.86216035,155965.44999999998,434000.0,-126612.82127695996,841544.58783965
531,u231,2038,151465.44999999998,704514.40883533,10249733.899999999,9961238.27099568,151465.44999999998,0.0,-553048.9588353301,288495.62900431827
532,u231,2039,1399465.45,691373.63079303,11649199.349999998,10652611.90178871,151465.44999999998,1248000.0,708091.8192069699,996587.4482112881
533,u231,2040,348425.45,677102.55787958,11997624.799999997,11329714.45966829,98425.45,250000.0,-328677.10787957994,667910.3403317071
534,u231,2041,91550.45,661681.24917572,12089175.249999996,11991395.70884401,91550.45,0.0,-570130.7991757201,97779.54115598649
535,u231,2042,591550.4500000001,645111.61265436,12680725.699999996,12636507.32149837,91550.45,500000.0,-53561.16265435994,44218.37850162573
536,u231,2043,589298.4500000001,627411.30960635,13270024.149999995,13263918.631104719,73400.45,515898.0,-38112.85960634996,6105.518895275891
537,u231,2044,544716.55,608623.7569915,13814740.699999996,13872542.388096219,47605.55,497111.0,-63907.20699149999,-57801.6880962234
538,u231,2045,1322750.0,588815.1860574401,15137490.699999996,14461357.57415366,22750.0,1300000.0,733934.8139425599,676133.1258463357
539,u301,2021,623203.2500000001,1142209.387694,623203.2500000001,1142209.387694,623203.2500000001,0.0,-519006.1376939999,-519006.1376939999
540,u301,2022,708203.2500000001,1044939.9409941,1331406.5000000002,2187149.3286881,623203.2500000001,85000.0,-336736.69099409983,-855742.8286880997
541,u301,2023,622667.7500000001,1109022.926547,1954074.2500000005,3296172.2552351,622667.7500000001,0.0,-486355.17654699984,-1342098.0052350997
542,u301,2024,1795765.75,1735398.9667569,3749840.0000000005,5031571.221992,622667.7500000001,1173098.0,60366.783243099926,-1281731.2219919995
543,u301,2025,1948885.8499999999,1947173.7628245,5698725.850000001,6978744.9848165,564012.8500000001,1384873.0,1712.0871754998807,-1280019.1348164994
544,u301,2026,1494769.2,895250.25029827,7193495.050000001,7873995.23511477,494769.20000000007,1000000.0,599518.9497017299,-680500.1851147693
545,u301,2027,478469.20000000007,671056.9536998001,7671964.250000001,8545052.18881457,478469.20000000007,0.0,-192587.7536998,-873087.9388145683
546,u301,2028,2188409.1999999997,2255940.6408176003,9860373.450000001,10800992.82963217,478469.20000000007,1709940.0,-67531.44081760058,-940619.3796321694
547,u301,2029,3992972.1999999997,1316733.6833807002,13853345.65,12117726.513012871,392972.20000000007,3600000.0,2676238.5166192995,1735619.1369871292
548,u301,2030,176972.2,795309.53607055,14030317.85,12913036.049083421,176972.2,0.0,-618337.3360705499,1117281.8009165786
549,u301,2031,2623673.1999999997,2446701.5828561997,16653991.049999999,15359737.63193962,176972.2,2446701.0,176971.61714380002,1294253.418060379
550,u301,2032,754637.15,1302864.7719776,17408628.2,16662602.40391722,54637.15,700000.0,-548227.6219775999,746025.7960827798
551,u301,2033,54637.15,594002.44205975,17463265.349999998,17256604.84597697,54637.15,0.0,-539365.29205975,206660.50402302667
552,u301,2034,1147380.15,1092743.3670611999,18610645.499999996,18349348.213038173,54637.15,1092743.0,54636.782938800054,261297.2869618237
553,u302,2021,7852249.849375,7459624.709046,7852249.849375,7459624.709046,3516731.849375,4335518.0,392625.14032900054,392625.14032900054
554,u302,2022,11727675.949375,11053500.809091002,19579925.79875,18513125.518137,3327675.9493750003,8400000.0,674175.1402839981,1066800.2806129977
555,u302,2023,17495515.949374996,10456855.371584,37075441.748124994,28969980.889721,3195515.9493750003,14300000.0,7038660.577790996,8105460.858403996
556,u302,2024,8578859.949375002,8089769.983287299,45654301.6975,37059750.873008296,2635525.949375,5943334.0,489089.96608770266,8594550.824491702
557,u302,2025,8389359.249375,8888471.996916499,54043660.946875,45948222.8699248,2350359.249375,6039000.0,-499112.7475414984,8095438.0769502
558,u302,2026,7824070.749375001,7582148.1032391,61867731.69625,53530370.9731639,2104495.7493749997,5719575.0,241922.64613590017,8337360.723086096
559,u302,2027,6462866.999375,6791174.9483165005,68330598.69562499,60321545.9214804,1862866.999375,4600000.0,-328307.94894150086,8009052.77414459
560,u302,2028,8973186.999375,7221722.728866999,77303785.695,67543268.6503474,1773186.999375,7200000.0,1751464.2705080016,9760517.044652596
561,u302,2029,11450136.999375,8635012.6685746,88753922.694375,76178281.318922,1450136.999375,10000000.0,2815124.330800401,12575641.375452995
562,u302,2030,6950136.999375,7605677.8925274005,95704059.69375,83783959.2114494,1450136.999375,5500000.0,-655540.8931524009,11920100.482300594
563,u302,2031,5563186.999375,6423347.932332099,101267246.693125,90207307.1437815,1413186.999375,4150000.0,-860160.9329570998,11059939.549343497
564,u302,2032,10422506.999375,6135900.2669426,111689753.6925,96343207.4107241,1367506.999375,9055000.0,4286606.732432401,15346546.281775892
565,u302,2033,6260699.499375,6112794.9788724,117950453.191875,102456002.3895965,1004344.499375,5256355.0,147904.5205025999,15494450.802278489
566,u302,2034,5028079.249375,5873190.867779301,122978532.44125,108329193.2573758,828079.249375,4200000.0,-845111.6184043009,14649339.18387419
567,u302,2035,6110779.249375,4684037.1984377,129089311.690625,113013230.45581351,810779.249375,5300000.0,1426742.0509372996,16076081.234811485
568,u302,2036,5097889.249375,4927849.6322222,134187200.94,117941080.08803572,802529.249375,4295360.0,170039.61715279985,16246120.85196428
569,u302,2037,8607908.729375001,4355280.6607771,142795109.669375,122296360.74881282,729077.729375,7878831.0,4252628.068597901,20498748.920562178
570,u302,2038,4027334.18125,3403348.6934559997,146822443.850625,125699709.44226882,527334.18125,3500000.0,623985.4877940002,21122734.40835619
571,u302,2039,2436884.18125,3547065.7572284997,149259328.031875,129246775.19949731,436884.18125,2000000.0,-1110181.5759784998,20012552.832377702
572,u302,2040,3436884.18125,2980593.1961143003,152696212.21312502,132227368.39561161,436884.18125,3000000.0,456290.9851356996,20468843.817513406
573,u302,2041,4479884.18125,2316545.6421568003,157176096.39437503,134543914.03776842,391884.18125,4088000.0,2163338.5390932,22632182.356606603
574,u302,2042,1733986.18125,1659249.8055432998,158910082.57562503,136203163.84331173,239248.18125000002,1494738.0,74736.37570670014,22706918.732313305
575,u302,2043,164511.28125,1306504.466822,159074593.85687503,137509668.31013373,164511.28125,0.0,-1141993.185572,21564925.546741307
576,u302,2044,164511.28125,957183.34613379,159239105.13812503,138466851.65626752,164511.28125,0.0,-792672.06488379,20772253.48185751
577,u302,2045,4551478.28125,663575.7982866099,163790583.41937503,139130427.45455414,164511.28125,4386967.0,3887902.48296339,24660155.96482089
578,u303,2021,5662683.5,6123098.404537,5662683.5,6123098.404537,407363.5,5255320.0,-460414.90453699976,-460414.90453699976
579,u303,2022,1679597.5,1400862.1741761,7342281.0,7523960.5787130995,179597.5,1500000.0,278735.32582390006,-181679.57871309947
580,u303,2023,1665897.5,418565.34833967005,9008178.5,7942525.92705277,165897.5,1500000.0,1247332.15166033,1065652.5729472302
581,u303,2024,151447.5,86858.845724148,9159626.0,8029384.772776918,151447.5,0.0,64588.65427585199,1130241.2272230824
582,u303,2025,1151447.5,12664.106651896001,10311073.5,8042048.879428813,151447.5,1000000.0,1138783.393348104,2269024.6205711868
583,u303,2026,127447.5,5597.706980794599,10438521.0,8047646.586409608,127447.5,0.0,121849.7930192054,2390874.413590392
584,u303,2027,127447.5,2477.1110211047,10565968.5,8050123.697430712,127447.5,0.0,124970.3889788953,2515844.802569288
585,u303,2028,127447.5,-0.0,10693416.0,8050123.697430712,127447.5,0.0,127447.5,2643292.302569288
586,u303,2029,1427447.5,-0.0,12120863.5,8050123.697430712,127447.5,1300000.0,1427447.5,4070739.802569288
587,u303,2030,49447.5,-0.0,12170311.0,8050123.697430712,49447.5,0.0,49447.5,4120187.302569288
588,u303,2031,49447.5,-0.0,12219758.5,8050123.697430712,49447.5,0.0,49447.5,4169634.802569288
589,u303,2032,49447.5,-0.0,12269206.0,8050123.697430712,49447.5,0.0,49447.5,4219082.302569288
590,u303,2033,49447.5,-0.0,12318653.5,8050123.697430712,49447.5,0.0,49447.5,4268529.802569288
591,u303,2034,49447.5,-0.0,12368101.0,8050123.697430712,49447.5,0.0,49447.5,4317977.302569288
592,u303,2035,49447.5,-0.0,12417548.5,8050123.697430712,49447.5,0.0,49447.5,4367424.802569288
593,u303,2036,49447.5,-0.0,12466996.0,8050123.697430712,49447.5,0.0,49447.5,4416872.302569288
594,u303,2037,49447.5,-0.0,12516443.5,8050123.697430712,49447.5,0.0,49447.5,4466319.802569288
595,u303,2038,49447.5,-0.0,12565891.0,8050123.697430712,49447.5,0.0,49447.5,4515767.302569288
596,u303,2039,532447.5,-0.0,13098338.5,8050123.697430712,49447.5,483000.0,532447.5,5048214.802569288
597,u303,2040,53020.0,-0.0,13151358.5,8050123.697430712,28920.0,24100.0,53020.0,5101234.802569288
598,u303,2041,51815.0,-0.0,13203173.5,8050123.697430712,27715.0,24100.0,51815.0,5153049.802569288
599,u303,2042,50610.0,-0.0,13253783.5,8050123.697430712,26510.0,24100.0,50610.0,5203659.802569288
600,u303,2043,49405.0,-0.0,13303188.5,8050123.697430712,25305.0,24100.0,49405.0,5253064.802569288
601,u303,2044,24100.0,-0.0,13327288.5,8050123.697430712,24100.0,0.0,24100.0,5277164.802569288
602,u303,2045,24100.0,-0.0,13351388.5,8050123.697430712,24100.0,0.0,24100.0,5301264.802569288
603,u303,2046,24100.0,-0.0,13375488.5,8050123.697430712,24100.0,0.0,24100.0,5325364.802569288
604,u303,2047,24100.0,-0.0,13399588.5,8050123.697430712,24100.0,0.0,24100.0,5349464.802569288
605,u303,2048,24100.0,-0.0,13423688.5,8050123.697430712,24100.0,0.0,24100.0,5373564.802569288
606,u303,2049,1024100.0,-0.0,14447788.5,8050123.697430712,24100.0,1000000.0,1024100.0,6397664.802569288
607,u304,2021,1251453.6,1240446.922912,1251453.6,1240446.922912,395150.60000000003,856303.0,11006.677088000113,11006.677088000113
608,u304,2022,913713.45,930521.54637772,2165167.05,2170968.46928972,365085.45,548628.0,-16808.09637772001,-5801.419289720245
609,u304,2023,2537654.05,1713541.5190774999,4702821.1,3884509.98836722,337654.05,2200000.0,824112.5309225,818311.1116327797
610,u304,2024,2008754.05,1263346.4743935,6711575.149999999,5147856.46276072,308754.05,1700000.0,745407.5756065,1563718.687239279
611,u304,2025,495044.05,970289.3351077901,7206619.199999999,6118145.797868511,295044.05,200000.0,-475245.2851077901,1088473.4021314885
612,u304,2026,795044.05,887737.72943018,8001663.249999999,7005883.527298691,295044.05,500000.0,-92693.67943018,995779.7227013083
613,u304,2027,1406254.05,1280781.7406744,9407917.299999999,8286665.2679730905,290644.05,1115610.0,125472.30932560004,1121252.0320269084
614,u304,2028,734863.55,865944.3370633501,10142780.85,9152609.605036441,234863.55,500000.0,-131080.7870633501,990171.2449635584
615,u304,2029,1029213.55,735956.19446116,11171994.4,9888565.7994976,229213.55,800000.0,293257.35553884006,1283428.6005023997
616,u304,2030,1501813.55,1153267.8742446,12673807.950000001,11041833.673742201,201813.55,1300000.0,348545.6757554,1631974.2762578
617,u304,2031,960633.55,890941.59164359,13634441.500000002,11932775.265385792,176463.55,784170.0,69691.95835641003,1701666.2346142102
618,u304,2032,737255.05,628483.73898054,14371696.550000003,12561259.00436633,137255.05,600000.0,108771.31101946009,1810437.5456336718
619,u304,2033,602755.05,760004.66973578,14974451.600000003,13321263.67410211,102755.05,500000.0,-157249.61973577994,1653187.9258978926
620,u304,2034,1074005.05,764636.91796116,16048456.650000004,14085900.59206327,74005.05,1000000.0,309368.1320388401,1962556.0579367336
621,u304,2035,174005.05,645624.1230145401,16222461.700000005,14731524.71507781,74005.05,100000.0,-471619.0730145401,1490936.9849221949
622,u304,2036,1074005.05,499170.13304866,17296466.750000004,15230694.84812647,74005.05,1000000.0,574834.91695134,2065771.9018735345
623,u304,2037,786686.05,756202.8550574299,18083152.800000004,15986897.703183899,74005.05,712681.0,30483.194942570175,2096255.0968161058
624,u304,2038,689195.0,570465.77090591,18772347.800000004,16557363.474089809,39195.0,650000.0,118729.22909409006,2214984.3259101957
625,u304,2039,1000000.0,747895.51516602,19772347.800000004,17305258.98925583,0.0,1000000.0,252104.48483397998,2467088.810744174
626,u304,2040,200000.0,567463.5840941799,19972347.800000004,17872722.573350012,0.0,200000.0,-367463.5840941799,2099625.226649992
633,u310,2021,2428516.69,2309323.699044,2428516.69,2309323.699044,421845.69,2006671.0,119192.99095600005,119192.99095600005
634,u310,2022,2354054.14,2310744.0907996,4782570.83,4620067.7898436,325612.14,2028442.0,43310.049200400244,162503.04015639983
635,u310,2023,376310.04,1770506.0510759,5158880.87,6390573.8409195,225310.04000000004,151000.0,-1394196.0110759,-1231692.9709195
636,u310,2024,419076.04,1676358.7806297,5577956.91,8066932.6215492,219076.04,200000.0,-1257282.7406297,-2488975.7115492
637,u310,2025,625576.0399999999,1327780.6639326,6203532.95,9394713.2854818,216576.04,409000.0,-702204.6239326001,-3191180.335481799
638,u310,2026,1173932.54,857206.33451821,7377465.49,10251919.620000008,205932.54,968000.0,316726.20548179,-2874454.1300000083
639,u310,2027,1564779.34,732506.7853618201,8942244.83,10984426.40536183,193779.34,1371000.0,832272.55463818,-2042181.5753618293
640,u310,2028,643204.0399999999,906936.50199026,9585448.87,11891362.90735209,170844.04,472360.0,-263732.46199026005,-2305914.0373520907
641,u310,2029,770985.34,555399.2260661599,10356434.209999999,12446762.133418249,164685.34,606300.0,215586.11393384007,-2090327.92341825
642,u310,2030,436307.33999999997,588787.54297737,10792741.549999999,13035549.67639562,128307.34000000001,308000.0,-152480.20297737,-2242808.1263956204
643,u310,2031,828716.34,633045.56118427,11621457.889999999,13668595.23757989,122952.34000000001,705764.0,195670.77881573,-2047137.3475798909
644,u310,2032,1640544.7000000002,823446.22942192,13262002.59,14492041.467001809,112544.70000000001,1528000.0,817098.4705780802,-1230038.877001809
645,u310,2033,952124.7,753467.82257304,14214127.29,15245509.289574848,84124.70000000001,868000.0,198656.87742695992,-1031381.9995748494
646,u310,2034,576731.1,667612.13423462,14790858.389999999,15913121.423809469,51731.1,525000.0,-90881.03423462005,-1122263.03380947
647,u310,2035,514378.0,494821.6525274,15305236.389999999,16407943.076336868,48378.0,466000.0,19556.3474726,-1102706.6863368694
648,u310,2036,40497.0,654750.93898411,15345733.389999999,17062694.01532098,40497.0,0.0,-614253.93898411,-1716960.6253209803
649,u310,2037,242597.0,617716.92399871,15588330.389999999,17680410.93931969,40497.0,202100.0,-375119.92399871,-2092080.54931969
650,u310,2038,40497.0,758495.22785304,15628827.389999999,18438906.16717273,40497.0,0.0,-717998.22785304,-2810078.7771727312
651,u310,2039,40497.0,657969.98343113,15669324.389999999,19096876.15060386,40497.0,0.0,-617472.98343113,-3427551.760603862
652,u310,2040,525497.0,525965.83547941,16194821.389999999,19622841.98608327,40497.0,485000.0,-468.835479410016,-3428020.5960832704
653,u310,2041,372732.0,632125.3709458099,16567553.389999999,20254967.35702908,16732.0,356000.0,-259393.37094580987,-3687413.9670290817
654,u311,2021,5935535.96,5788308.234814,5935535.96,5788308.234814,589525.96,5346010.0,147227.72518599965,147227.72518599965
655,u311,2022,529415.46,4981114.759731599,6464951.42,10769422.9945456,329415.46,200000.0,-4451699.299731599,-4304471.5745455995
656,u311,2023,595655.4600000001,4266222.4603939,7060606.88,15035645.4549395,321655.46,274000.0,-3670567.0003939,-7975038.5749395
657,u311,2024,610659.4600000001,3267318.55859,7671266.34,18302964.013529498,310659.46,300000.0,-2656659.09859,-10631697.673529498
658,u311,2025,807909.4600000001,2517066.9414979997,8479175.8,20820030.9550275,306909.46,501000.0,-1709157.4814979997,-12340855.155027498
659,u311,2026,1726287.96,1736205.2566447,10205463.760000002,22556236.211672198,294287.95999999996,1432000.0,-9917.296644699993,-12350772.451672196
660,u311,2027,2266341.1599999997,1384995.7766457,12471804.920000002,23941231.9883179,276341.16000000003,1990000.0,881345.3833542997,-11469427.068317898
661,u311,2028,797251.9600000001,1503036.3161879997,13269056.880000003,25444268.3045059,247611.95999999996,549640.0,-705784.3561879996,-12175211.424505897
662,u311,2029,1133977.66,1484969.8584828,14403034.540000003,26929238.1629887,240277.65999999997,893700.0,-350992.19848280004,-12526203.622988697
663,u311,2030,739655.66,1007585.8037383,15142690.200000003,27936823.966727,186655.66,553000.0,-267930.14373829996,-12794133.766726997
664,u311,2031,1628621.66,813436.33490034,16771311.860000003,28750260.301627338,178385.66,1450236.0,815185.32509966,-11978948.441627335
665,u311,2032,2131953.3,1684974.3970338,18903265.160000004,30435234.698661137,159953.3,1972000.0,446978.9029661999,-11531969.538661133
666,u311,2033,1325853.2999999998,934375.26136639,20229118.460000005,31369609.960027527,119853.29999999999,1206000.0,391478.0386336098,-11140491.500027522
667,u311,2034,851227.9,1127661.0234281,21080346.360000003,32497270.98345563,76227.9,775000.0,-276433.1234280999,-11416924.623455625
668,u311,2035,759281.0,913422.9023591802,21839627.360000003,33410693.88581481,71281.0,688000.0,-154141.90235918015,-11571066.525814805
669,u311,2036,59663.0,445223.8045572099,21899290.360000003,33855917.69037202,59663.0,0.0,-385560.8045572099,-11956627.330372017
670,u311,2037,357563.0,454683.92255534005,22256853.360000003,34310601.61292736,59663.0,297900.0,-97120.92255534005,-12053748.25292736
671,u311,2038,59663.0,287939.79554967996,22316516.360000003,34598541.408477046,59663.0,0.0,-228276.79554967996,-12282025.048477042
672,u311,2039,59663.0,325981.06379949,22376179.360000003,34924522.47227654,59663.0,0.0,-266318.06379949,-12548343.112276535
673,u311,2040,774663.0,334562.47784743,23150842.360000003,35259084.950123966,59663.0,715000.0,440100.52215257,-12108242.590123963
674,u311,2041,548628.0,218000.05616634,23699470.360000003,35477085.00629031,24628.0,524000.0,330627.94383366,-11777614.646290306
