group,t_to,l_cflow_rp
u101,0,0
u101,1,-2489.386710997
u101,2,-1079.1302546031
u101,3,-418.50621078713
u101,4,-154.59964385774
u101,5,-506.66838236771
u101,6,-231.55320527017
u101,7,-248.38910967059
u101,8,-132.77245601896
u101,9,-1.80458023564
u101,10,-102.05548160777
u101,11,-51.338041224194
u101,12,-37.923980775164
u101,13,-60.084787680743
u101,14,-1.1824033757
u101,15,-1.2982623686964
u101,16,-1.4499031751111
u101,17,-1.6363417009733
u101,18,-43.448616142024
u101,19,0
u101,20,0
u101,21,0
u101,22,0
u101,23,0
u101,24,0
u101,25,0
u101,26,0
u101,27,0
u101,28,0
u101,29,0
u101,30,0
u101,31,0
u101,32,0
u101,33,0
u101,34,0
u101,35,0
u101,36,0
u101,37,0
u101,38,0
u101,39,0
u101,40,0
u101,41,0
u101,42,0
u101,43,0
u101,44,0
u101,45,0
u101,46,0
u101,47,0
u101,48,0
u101,49,0
u101,50,0
u101,51,0
u101,52,0
u101,53,0
u101,54,0
u101,55,0
u101,56,0
u101,57,0
u101,58,0
u101,59,0
u101,60,0
u102,0,0
u102,1,-78094.564338698
u102,2,-76695.176932098
u102,3,-64192.427397927
u102,4,-67218.586710206
u102,5,-64509.278979223
u102,6,-67744.087699318
u102,7,-54260.73140631
u102,8,-47269.835516847
u102,9,-43733.443422791
u102,10,-39251.30109016
u102,11,-37425.37985287
u102,12,-31718.138221621
u102,13,-29364.110159067
u102,14,-26525.241125693
u102,15,-20460.264371405
u102,16,-23008.606231481
u102,17,-15152.604150749
u102,18,-11565.352252491
u102,19,-10333.341637584
u102,20,-9181.9274182768
u102,21,-9074.3076407365
u102,22,-8517.8763587783
u102,23,-7835.6882186001
u102,24,-7282.6378250535
u102,25,-7072.1950071373
u102,26,-7267.5570343021
u102,27,-6855.6505035743
u102,28,-7291.4775817126
u102,29,-7236.1735516882
u102,30,-6877.6586464905
u102,31,-7096.6384873175
u102,32,-6384.8379628516
u102,33,-6394.2990815672
u102,34,-6035.0221184473
u102,35,-5868.1494343536
u102,36,-5457.7425693545
u102,37,-5694.4400625961
u102,38,-5137.1726099254
u102,39,-4887.8160291811
u102,40,-4319.3541915085
u102,41,-4019.040420472
u102,42,-3945.9480493363
u102,43,-3370.5926943726
u102,44,-3025.7150653624
u102,45,-2671.1767183074
u102,46,-2315.7683386597
u102,47,-1962.9829664383
u102,48,-1648.4182646963
u102,49,-1369.3278015305
u102,50,-1109.3544215457
u102,51,-845.09451652883
u102,52,-658.4414012171
u102,53,-495.62566242274
u102,54,-354.30406181346
u102,55,-255.08920076356
u102,56,0
u102,57,0
u102,58,0
u102,59,0
u102,60,0
u103,0,0
u103,1,-22564.5363547
u103,2,-15718.034874673
u103,3,-7093.6046265434
u103,4,-5220.5081339331
u103,5,-5088.3098603804
u103,6,-4283.9668760746
u103,7,-5691.714535514
u103,8,-9033.4707320732
u103,9,-5434.6285476708
u103,10,-4954.560676795
u103,11,-5386.1035289509
u103,12,-5208.4901028036
u103,13,-5293.9236716387
u103,14,-3729.6141672048
u103,15,-3156.3411675246
u103,16,-2690.0856523657
u103,17,-4000.2660211326
u103,18,-4171.8796086722
u103,19,-1429.0188861329
u103,20,-1628.3878090016
u103,21,-1081.005758143
u103,22,-610.19607633007
u103,23,-621.68644308889
u103,24,-215.42972012855
u103,25,-264.35066043921
u103,26,-261.35618299159
u103,27,-688.3905925474
u103,28,-301.64911895077
u103,29,-288.65918463726
u103,30,-400.86756922971
u103,31,-424.93437218213
u103,32,-335.57746042951
u103,33,-426.66692310365
u103,34,-412.07667527778
u103,35,-552.02847532815
u103,36,-509.11608111967
u103,37,-861.2505522094
u103,38,-620.39995080976
u103,39,-784.01023161696
u103,40,-714.4167491865
u103,41,-761.32024240692
u103,42,-872.42692933275
u103,43,-756.34684479397
u103,44,-760.52157124321
u103,45,-748.29344394578
u103,46,-721.31401304552
u103,47,-704.54439496391
u103,48,-691.34118051168
u103,49,-668.13994531527
u103,50,-604.91353745307
u103,51,-558.64712949342
u103,52,-504.15222354865
u103,53,-463.80999604773
u103,54,-364.60143714865
u103,55,-309.86056618332
u103,56,-229.15891131617
u103,57,-144.49300044883
u103,58,-89.783285643329
u103,59,-61.751268680168
u103,60,-185.27202372915
u104,0,0
u104,1,-26629.08202886
u104,2,-21477.338319374
u104,3,-17500.160615996
u104,4,-23632.781156615
u104,5,-39022.681762071
u104,6,-21267.56456278
u104,7,-16108.17795793
u104,8,-8248.538825457
u104,9,-7416.5474137378
u104,10,-12192.760061519
u104,11,-16029.813809432
u104,12,-15864.493570678
u104,13,-22743.444263975
u104,14,-29131.468591214
u104,15,-35618.490472158
u104,16,-27845.885298015
u104,17,-19744.373937084
u104,18,-4050.9896912047
u104,19,-2927.0550940364
u104,20,-2712.7831541409
u104,21,-2747.8143371326
u104,22,-2628.3464275668
u104,23,-2400.7475047282
u104,24,-2802.0982853631
u104,25,-2682.4932882372
u104,26,-2120.4718445693
u104,27,-1624.2040584597
u104,28,-801.60035916493
u104,29,-578.89963476585
u104,30,-853.12138519972
u104,31,-467.21357253302
u104,32,-365.76167569994
u104,33,-393.83089446338
u104,34,-774.96837179864
u104,35,-620.25750630322
u104,36,-328.72421426196
u104,37,-270.495355162
u104,38,-100.30482444979
u104,39,-91.109807378416
u104,40,-112
u104,41,-79.27934137209
u104,42,-97.3
u104,43,-67.7
u104,44,-157
u104,45,-130.80919658455
u104,46,-55.7
u104,47,-53.8
u104,48,-69.6
u104,49,-36.5
u104,50,-50.3
u104,51,-69.8
u104,52,-49.8
u104,53,0
u104,54,0
u104,55,0
u104,56,0
u104,57,0
u104,58,0
u104,59,0
u104,60,0
u105,0,0
u105,1,23269.324668378
u105,2,22712.282380165
u105,3,22216.202692231
u105,4,21712.414068454
u105,5,21407.273290174
u105,6,21093.573411546
u105,7,20917.142132488
u105,8,20705.582159677
u105,9,20437.36061237
u105,10,20139.962126178
u105,11,19621.471201234
u105,12,19094.942025437
u105,13,18548.844380396
u105,14,18202.972887255
u105,15,17811.098587377
u105,16,17189.854870174
u105,17,16388.387414899
u105,18,15295.603920359
u105,19,14446.758126077
u105,20,13664.460977632
u105,21,12873.163678807
u105,22,12162.838781027
u105,23,11486.193454925
u105,24,10692.27865296
u105,25,9999.5886895052
u105,26,9307.72210292
u105,27,8577.806471223
u105,28,7956.7256997666
u105,29,7327.3214416225
u105,30,6706.5494810023
u105,31,6090.7979524997
u105,32,5495.7028936185
u105,33,4927.71093853
u105,34,4396.560477186
u105,35,3872.6217815025
u105,36,3387.4846159503
u105,37,2900.5841324629
u105,38,2453.3253711553
u105,39,2050
u105,40,1690
u105,41,0
u105,42,0
u105,43,0
u105,44,0
u105,45,0
u105,46,0
u105,47,0
u105,48,0
u105,49,0
u105,50,0
u105,51,0
u105,52,0
u105,53,0
u105,54,0
u105,55,0
u105,56,0
u105,57,0
u105,58,0
u105,59,0
u105,60,0
u106,0,0
u106,1,-4269.40748999
u106,2,-1110.4592060998
u106,3,-1929.3885601723
u106,4,-3853.2229585884
u106,5,-459.16267539437
u106,6,-234.62494690739
u106,7,-162.07609457479
u106,8,-486.43820096114
u106,9,-25.570528333819
u106,10,-83.355773750422
u106,11,-319.26082755415
u106,12,0
u106,13,0
u106,14,0
u106,15,0
u106,16,0
u106,17,0
u106,18,0
u106,19,0
u106,20,0
u106,21,0
u106,22,0
u106,23,0
u106,24,0
u106,25,0
u106,26,0
u106,27,0
u106,28,0
u106,29,0
u106,30,0
u106,31,0
u106,32,0
u106,33,0
u106,34,0
u106,35,0
u106,36,0
u106,37,0
u106,38,0
u106,39,0
u106,40,0
u106,41,0
u106,42,0
u106,43,0
u106,44,0
u106,45,0
u106,46,0
u106,47,0
u106,48,0
u106,49,0
u106,50,0
u106,51,0
u106,52,0
u106,53,0
u106,54,0
u106,55,0
u106,56,0
u106,57,0
u106,58,0
u106,59,0
u106,60,0
u107,0,0
u107,1,-1488.622867591
u107,2,-1370.2380626651
u107,3,-1255.8757820638
u107,4,-1145.9350257649
u107,5,-1037.2409521662
u107,6,-938.21756918652
u107,7,-847.57605574184
u107,8,-759.62581473232
u107,9,-676.38122013634
u107,10,-595.61467603495
u107,11,-517.39199027988
u107,12,-442.95916842211
u107,13,-374.68983424601
u107,14,-311.9320842399
u107,15,-253.48095619905
u107,16,-201.98517930636
u107,17,-157.43529942419
u107,18,-119.99752997498
u107,19,-88.86053334537
u107,20,-63.267823766944
u107,21,-44.176831723458
u107,22,-30.490735585185
u107,23,-21.180773454679
u107,24,-15.175343003296
u107,25,-10.645317666894
u107,26,-7.0513704757346
u107,27,-5.0986662931791
u107,28,-4.5358108051094
u107,29,-4.1444472979408
u107,30,-3.8102817711888
u107,31,-3.4923934671888
u107,32,-3.1709999417646
u107,33,-2.8385646637857
u107,34,-2.4963476900353
u107,35,0
u107,36,0
u107,37,0
u107,38,0
u107,39,0
u107,40,0
u107,41,0
u107,42,0
u107,43,0
u107,44,0
u107,45,0
u107,46,0
u107,47,0
u107,48,0
u107,49,0
u107,50,0
u107,51,0
u107,52,0
u107,53,0
u107,54,0
u107,55,0
u107,56,0
u107,57,0
u107,58,0
u107,59,0
u107,60,0
u108,0,0
u108,1,-1793.07433147
u108,2,-1547.0736881078
u108,3,-1327.5011539661
u108,4,-1165.9783303958
u108,5,-1046.7455284248
u108,6,-914.09423243812
u108,7,-808.45815405362
u108,8,-716.54559094394
u108,9,-641.73917021473
u108,10,-584.61749902163
u108,11,-538.67716013327
u108,12,-502.24666806231
u108,13,-456.37851831861
u108,14,-385.08408321884
u108,15,-350.91834062495
u108,16,-322.44160141799
u108,17,-290.42543063303
u108,18,-265.15703531133
u108,19,-242.64125877953
u108,20,-220.94148751532
u108,21,-200.17647291881
u108,22,-180.79720032638
u108,23,-162.71080962923
u108,24,-146.03118912237
u108,25,-130.71874437792
u108,26,-116.80811805138
u108,27,-104.32848330243
u108,28,-93.211705171051
u108,29,-83.358974641054
u108,30,-74.734016144228
u108,31,-67.206666285867
u108,32,-60.639548185593
u108,33,-54.837065342113
u108,34,-49.617621209434
u108,35,-44.844555744946
u108,36,-40.410075549088
u108,37,-36.219964134959
u108,38,-32.217827692906
u108,39,-28.352577901809
u108,40,-24.648000667135
u108,41,-21.116508207083
u108,42,-17.893520802337
u108,43,-15.11162044329
u108,44,-12.681860883314
u108,45,-10.539640621087
u108,46,-8.6390764194276
u108,47,-6.9549421984809
u108,48,-5.4714433167427
u108,49,-4.2572826425938
u108,50,-3.28
u108,51,0
u108,52,0
u108,53,0
u108,54,0
u108,55,0
u108,56,0
u108,57,0
u108,58,0
u108,59,0
u108,60,0
u109,0,0
u109,1,-13661.5181866
u109,2,-15695.218468013
u109,3,-14782.239083429
u109,4,-13817.868646989
u109,5,-14506.696347616
u109,6,-14906.738436133
u109,7,-11886.519139125
u109,8,-11277.274274939
u109,9,-10767.181040532
u109,10,-10350.104591657
u109,11,-10212.690826395
u109,12,-8548.7521573674
u109,13,-9736.5519816483
u109,14,-8350.5711604549
u109,15,-8464.290702654
u109,16,-7487.7184860895
u109,17,-7778.9073640972
u109,18,-7152.3211789935
u109,19,-6630.1579937042
u109,20,-6487.2100383424
u109,21,-5708.805314509
u109,22,-4824.7411058993
u109,23,-3634.9250568027
u109,24,-2905.2021266957
u109,25,-2415.8020373605
u109,26,-3224.9221654481
u109,27,-1603.6006686074
u109,28,-2149.000881032
u109,29,-1138.3660127926
u109,30,-1047.9244636779
u109,31,-964.22106823532
u109,32,-718.01994449485
u109,33,-711.84110934552
u109,34,-364.50232122796
u109,35,-503.648031514
u109,36,-593.44122888887
u109,37,-409.65868348102
u109,38,-440.16153676474
u109,39,-97.054015369194
u109,40,-60.919995600221
u109,41,-173.04769361184
u109,42,-146.5962231305
u109,43,-160.87360602401
u109,44,-97.892696222934
u109,45,-331.46029355079
u109,46,-193.75165295936
u109,47,-98.858011133868
u109,48,-19.794269416414
u109,49,-433.23366416009
u109,50,-331.25031584252
u109,51,-7.1854430739974
u109,52,-94.046519137849
u109,53,0
u109,54,0
u109,55,0
u109,56,0
u109,57,0
u109,58,0
u109,59,0
u109,60,0
u110,0,0
u110,1,-42228.52258098
u110,2,-71270.426314291
u110,3,-96897.998453029
u110,4,-93636.272854956
u110,5,-91893.698346224
u110,6,-70559.352012045
u110,7,-20321.910863853
u110,8,-31594.744726748
u110,9,-33995.543832577
u110,10,-30631.077338173
u110,11,-27475.368571761
u110,12,-21512.809515077
u110,13,-17976.919179533
u110,14,-17205.389574646
u110,15,-14522.874524407
u110,16,-12194.917282354
u110,17,-11828.775274942
u110,18,-9875.1019864493
u110,19,-9198.3417261942
u110,20,-7659.3246951561
u110,21,-6652.6128947699
u110,22,-5855.5177406402
u110,23,-4866.7510069917
u110,24,-3590.6302360308
u110,25,-3539.3673795669
u110,26,-2501.6496708777
u110,27,-1977.435281261
u110,28,-1717.1934913725
u110,29,-1528.8437449456
u110,30,-896.05818957829
u110,31,-869.00837854827
u110,32,-588.05151931864
u110,33,-430.69480779735
u110,34,-291.0763581
u110,35,-191.3335062054
u110,36,0
u110,37,0
u110,38,0
u110,39,0
u110,40,0
u110,41,0
u110,42,0
u110,43,0
u110,44,0
u110,45,0
u110,46,0
u110,47,0
u110,48,0
u110,49,0
u110,50,0
u110,51,0
u110,52,0
u110,53,0
u110,54,0
u110,55,0
u110,56,0
u110,57,0
u110,58,0
u110,59,0
u110,60,0
u120,0,0
u120,1,-1832.237384802
u120,2,-2245.4181786643
u120,3,-4208.6203341118
u120,4,-4478.4455218916
u120,5,-3582.0698880041
u120,6,-3768.0678749588
u120,7,-926.5505374909
u120,8,-1935.8192656605
u120,9,-1712.0979820831
u120,10,-2170.7064587382
u120,11,-2357.9036501354
u120,12,-1541.1336771633
u120,13,-2177.1516578003
u120,14,-2267.6786912346
u120,15,-1920.8541622609
u120,16,-1578.5628134945
u120,17,-2174.9696641799
u120,18,-1879.2055497361
u120,19,-1899.4677495757
u120,20,-2589.5132498382
u120,21,-5203.4490340334
u120,22,-5554.746046447
u120,23,-8265.1689885382
u120,24,-9902.7232712
u120,25,-5617.4559191733
u120,26,-3776.929057339
u120,27,-3199.9908446944
u120,28,-2965.4179741303
u120,29,-1347.3768498236
u120,30,-811.23348699711
u120,31,-786.13149095209
u120,32,-347.5451355826
u120,33,-596.22911589657
u120,34,-386.04564264998
u120,35,-573.97570581745
u120,36,-396.43894953097
u120,37,-164.78227922386
u120,38,-137.77026439203
u120,39,-97.70785202393
u120,40,0
u120,41,0
u120,42,0
u120,43,0
u120,44,0
u120,45,0
u120,46,0
u120,47,0
u120,48,0
u120,49,0
u120,50,0
u120,51,0
u120,52,0
u120,53,0
u120,54,0
u120,55,0
u120,56,0
u120,57,0
u120,58,0
u120,59,0
u120,60,0
u121,0,0
u121,1,-16962.09014901
u121,2,-18953.311925065
u121,3,-18642.12922242
u121,4,-18371.603154245
u121,5,-16392.585374792
u121,6,-14684.419642487
u121,7,-12104.584977494
u121,8,-11277.923152164
u121,9,-11465.485892818
u121,10,-9732.4360694558
u121,11,-9828.2624870737
u121,12,-8983.3100629917
u121,13,-8187.0538389036
u121,14,-8203.5463882417
u121,15,-7475.1814997494
u121,16,-7163.2275224273
u121,17,-7131.5655228359
u121,18,-5650.8527834629
u121,19,-5653.7166100537
u121,20,-4569.3511074399
u121,21,-4011.6048383551
u121,22,-3881.4320443553
u121,23,-2772.5843024102
u121,24,-2783.5080822033
u121,25,-2403.9678041878
u121,26,-1827.3635954367
u121,27,-1739.1904394461
u121,28,-1131.5188455854
u121,29,-1164.6409922844
u121,30,-863.65375390902
u121,31,-803.75535197851
u121,32,-750.13606512618
u121,33,-665.72562690439
u121,34,-379.52428757168
u121,35,-516.63160999377
u121,36,-246.55042589973
u121,37,-261.32745550306
u121,38,-247.0737734608
u121,39,-174.1631416071
u121,40,-136.82086385124
u121,41,-104.42437151722
u121,42,-84.178366724611
u121,43,-63.50368306619
u121,44,0
u121,45,0
u121,46,0
u121,47,0
u121,48,0
u121,49,0
u121,50,0
u121,51,0
u121,52,0
u121,53,0
u121,54,0
u121,55,0
u121,56,0
u121,57,0
u121,58,0
u121,59,0
u121,60,0
u125,0,0
u125,1,-127949.03180009
u125,2,-104486.43845774
u125,3,-84953.360212488
u125,4,-69720.263011991
u125,5,-57095.896446896
u125,6,-47334.309707773
u125,7,-39638.12127097
u125,8,-33424.858213555
u125,9,-27757.064777884
u125,10,-23507.196332317
u125,11,-19647.912503263
u125,12,-16416.452811408
u125,13,-13828.819688028
u125,14,-11700.544898924
u125,15,-9715.5699292881
u125,16,-8154.4949876225
u125,17,-7214.9042698853
u125,18,-6421.0007865182
u125,19,-5641.9975323694
u125,20,-4859.3591514985
u125,21,-4061.0397546221
u125,22,-3241.2299869388
u125,23,-2486.01735674
u125,24,-1903.4976686465
u125,25,-1456.105184337
u125,26,-1112.4041129535
u125,27,-848.81543687556
u125,28,-646.75041453301
u125,29,-491.87591017327
u125,30,-374.07705697892
u125,31,-283.97787312208
u125,32,-215.1230912225
u125,33,-162.75933422157
u125,34,0
u125,35,0
u125,36,0
u125,37,0
u125,38,0
u125,39,0
u125,40,0
u125,41,0
u125,42,0
u125,43,0
u125,44,0
u125,45,0
u125,46,0
u125,47,0
u125,48,0
u125,49,0
u125,50,0
u125,51,0
u125,52,0
u125,53,0
u125,54,0
u125,55,0
u125,56,0
u125,57,0
u125,58,0
u125,59,0
u125,60,0
u130,0,0
u130,1,-8038.98419857
u130,2,-5682.427750552
u130,3,-6479.7475674015
u130,4,-7605.1670784535
u130,5,-7329.7655228627
u130,6,-6452.0866167293
u130,7,-5934.4546842027
u130,8,-6141.8904408202
u130,9,-6014.3354230707
u130,10,-4312.8058563884
u130,11,-4991.2180271681
u130,12,-3405.1631929825
u130,13,-1877.1657542726
u130,14,-2330.7878115975
u130,15,-1828.18944453
u130,16,-1914.2995449017
u130,17,-832.26847199133
u130,18,-722.85127754284
u130,19,-728.40778895508
u130,20,-440.0203085857
u130,21,-672.2486186413
u130,22,-330.63546963511
u130,23,-108.06795572633
u130,24,-212.02717872802
u130,25,-188.56937492717
u130,26,-244.31005488685
u130,27,-103.26478261872
u130,28,-426.71026112365
u130,29,-189.26610575175
u130,30,-33.517716213896
u130,31,-31.180339473971
u130,32,-144.13564902273
u130,33,-110.08626171696
u130,34,-31.33673298469
u130,35,-171.91796662784
u130,36,-359.28473473851
u130,37,-26.670408822732
u130,38,-9.5236061917477
u130,39,-345.26681959917
u130,40,0
u130,41,0
u130,42,0
u130,43,0
u130,44,0
u130,45,0
u130,46,0
u130,47,0
u130,48,0
u130,49,0
u130,50,0
u130,51,0
u130,52,0
u130,53,0
u130,54,0
u130,55,0
u130,56,0
u130,57,0
u130,58,0
u130,59,0
u130,60,0
u201,0,0
u201,1,-2903.048552828
u201,2,-2550.9527774122
u201,3,-2227.2889886602
u201,4,-1932.9837120997
u201,5,-1668.0754761427
u201,6,-1432.1666956196
u201,7,-1224.2754294125
u201,8,-1043.0354158827
u201,9,-876.40426304215
u201,10,-744.1392607363
u201,11,-632.1300952659
u201,12,-537.99315403349
u201,13,-459.3914930517
u201,14,-393.93188118013
u201,15,-339.36465502602
u201,16,-293.68040442345
u201,17,-255.15596471643
u201,18,-222.39495903251
u201,19,-194.26775024683
u201,20,-169.90442156942
u201,21,-148.67485480264
u201,22,-130.08881524587
u201,23,-113.77431778321
u201,24,-99.452714455233
u201,25,-86.873074541637
u201,26,-75.828548787614
u201,27,-66.144933399045
u201,28,-57.661997598403
u201,29,-50.235102126248
u201,30,-43.740157686762
u201,31,-38.055474545663
u201,32,-33.08044740338
u201,33,-28.723502502327
u201,34,-24.901650602304
u201,35,-21.53938223025
u201,36,-18.576283077887
u201,37,-15.962061089114
u201,38,-13.652937104173
u201,39,-11.613169011984
u201,40,-9.8177274860998
u201,41,-8.2446554935061
u201,42,-6.8764162796263
u201,43,-5.694352587007
u201,44,-4.6834222495066
u201,45,-3.8264178362293
u201,46,0
u201,47,0
u201,48,0
u201,49,0
u201,50,0
u201,51,0
u201,52,0
u201,53,0
u201,54,0
u201,55,0
u201,56,0
u201,57,0
u201,58,0
u201,59,0
u201,60,0
u202,0,0
u202,1,-3458.864948527
u202,2,-3276.8518768049
u202,3,-3093.0014965661
u202,4,-2923.9260018459
u202,5,-2760.7173135166
u202,6,-2569.4523718276
u202,7,-2377.4057536254
u202,8,-2217.9065091173
u202,9,-2075.9311236417
u202,10,-1941.0397571437
u202,11,-1819.7878906341
u202,12,-1713.1534850195
u202,13,-1603.0484335036
u202,14,-1498.4096529526
u202,15,-1417.938889553
u202,16,-1338.7065853416
u202,17,-1268.0829817064
u202,18,-1200.5494231412
u202,19,-1137.929774814
u202,20,-1081.8123572041
u202,21,-1028.772505489
u202,22,-975.9263846761
u202,23,-927.3017675602
u202,24,-878.92812450824
u202,25,-831.11018702596
u202,26,-783.65807710341
u202,27,-736.37079867826
u202,28,-689.19028139875
u202,29,-642.20092786191
u202,30,-595.44630732363
u202,31,-549.13023839826
u202,32,-503.54583528164
u202,33,-458.92314716415
u202,34,-415.53911225956
u202,35,-373.58258644185
u202,36,-333.36630284508
u202,37,-295.26127409062
u202,38,-259.71710214675
u202,39,-227.01590990468
u202,40,-197.29475043229
u202,41,-170.67400636086
u202,42,-147.12943404802
u202,43,-126.41239461886
u202,44,-108.37218341164
u202,45,-93.144058021697
u202,46,-80.462417025477
u202,47,-69.893496596161
u202,48,-61.201227695971
u202,49,-54.142851573131
u202,50,-48.429670077229
u202,51,-43.771835208003
u202,52,-39.948378623531
u202,53,-36.796092571201
u202,54,-34.219299178737
u202,55,-32.140185151091
u202,56,-30.498915335602
u202,57,-29.246444881354
u202,58,-28.321324362484
u202,59,-27.652020088875
u202,60,-299.01101969722
u206,0,0
u206,1,-31107.958861224
u206,2,-29540.831451911
u206,3,-27941.449323102
u206,4,-26322.924564455
u206,5,-24694.23056277
u206,6,-23063.231572625
u206,7,-21439.051522078
u206,8,-19831.771806902
u206,9,-18250.092296399
u206,10,-16706.020746311
u206,11,-15078.634314076
u206,12,-13648.52399174
u206,13,-12279.023459073
u206,14,-10980.388352777
u206,15,-9755.7963062096
u206,16,-8608.9532184154
u206,17,-7542.2738525699
u206,18,-6558.3470199478
u206,19,-5658.1999060935
u206,20,-4842.3651517862
u206,21,-4110.9935183568
u206,22,-3462.4959110463
u206,23,-2893.7550069391
u206,24,-2400.5705782721
u206,25,-1978.0597248441
u206,26,-1620.4415613105
u206,27,-1321.3402431514
u206,28,-1074.1848310617
u206,29,-872.25437676559
u206,30,-708.86157092514
u206,31,-577.63264505328
u206,32,-472.73972366708
u206,33,-388.93118852034
u206,34,-321.67609780644
u206,35,-267.32557889079
u206,36,-223.00575027678
u206,37,-186.50267013422
u206,38,-156.20103557623
u206,39,-130.90336249203
u206,40,-109.79329188189
u206,41,-92.125957628793
u206,42,-77.344137959548
u206,43,-64.993586972378
u206,44,-54.691860866707
u206,45,0
u206,46,0
u206,47,0
u206,48,0
u206,49,0
u206,50,0
u206,51,0
u206,52,0
u206,53,0
u206,54,0
u206,55,0
u206,56,0
u206,57,0
u206,58,0
u206,59,0
u206,60,0
u207,0,0
u207,1,-2131.433800411
u207,2,-231.3543127531
u207,3,-727.94279706238
u207,4,-4887.4876335563
u207,5,-3141.7125798466
u207,6,-5802.2059790824
u207,7,-2827.3949737388
u207,8,-2175.6095766991
u207,9,-6108.9677910229
u207,10,-2570.079106254
u207,11,-1396.2195140693
u207,12,-1634.751696694
u207,13,-362.04829560391
u207,14,-1842.1378260976
u207,15,-3741.1985284052
u207,16,-4390.3896334599
u207,17,-2979.9023388774
u207,18,-3150.5347259937
u207,19,-725.92813526876
u207,20,-418.38789320706
u207,21,-268.88947308247
u207,22,-744.12714839484
u207,23,-1097.3507276994
u207,24,-641.26974254986
u207,25,-360.63042629725
u207,26,-234.55542402221
u207,27,-204.94126603291
u207,28,-383.21279817856
u207,29,-203.363520621
u207,30,-179.60187414023
u207,31,-64.295761042792
u207,32,-58.405643487361
u207,33,-52.482017367041
u207,34,-46.578542115734
u207,35,-40.800730520848
u207,36,-35.235532365919
u207,37,-29.965802055004
u207,38,-25.075117619154
u207,39,-20.649671014841
u207,40,-16.732766652765
u207,41,-13.345644150131
u207,42,0
u207,43,0
u207,44,0
u207,45,0
u207,46,0
u207,47,0
u207,48,0
u207,49,0
u207,50,0
u207,51,0
u207,52,0
u207,53,0
u207,54,0
u207,55,0
u207,56,0
u207,57,0
u207,58,0
u207,59,0
u207,60,0
u210,0,0
u210,1,-22221.051376045
u210,2,-23853.346915647
u210,3,-25023.406115547
u210,4,-24920.454505191
u210,5,-26104.409195676
u210,6,-25670.825142981
u210,7,-24856.539786238
u210,8,-23940.426634647
u210,9,-24274.1373658
u210,10,-23232.209027418
u210,11,-22670.832008205
u210,12,-22096.499136035
u210,13,-21198.650058073
u210,14,-20144.020952313
u210,15,-19301.7280089
u210,16,-18519.229035317
u210,17,-17902.378419133
u210,18,-17157.909216954
u210,19,-16452.602402988
u210,20,-15727.458709009
u210,21,-14807.098908889
u210,22,-14070.203455955
u210,23,-13326.148752719
u210,24,-12576.183170978
u210,25,-11822.491389719
u210,26,-11067.668380863
u210,27,-10314.535064298
u210,28,-9566.2049389534
u210,29,-8826.0286330039
u210,30,-8097.4029513256
u210,31,-7383.7596343105
u210,32,-6688.6606353697
u210,33,-6015.8308451721
u210,34,-5369.1826010846
u210,35,-4752.3101441413
u210,36,-4168.5519145288
u210,37,-3621.5583722061
u210,38,-3113.9822402308
u210,39,-2647.8535295816
u210,40,-2224.8625466024
u210,41,-1846.156419625
u210,42,-1511.3104541035
u210,43,-1218.7163847088
u210,44,-967.16109691069
u210,45,-755.74748257444
u210,46,-580.95963230732
u210,47,-438.47631726352
u210,48,-324.84707461849
u210,49,-235.89760353733
u210,50,-167.69781553809
u210,51,0
u210,52,0
u210,53,0
u210,54,0
u210,55,0
u210,56,0
u210,57,0
u210,58,0
u210,59,0
u210,60,0
u213,0,0
u213,1,-1
u213,2,0
u213,3,0
u213,4,0
u213,5,0
u213,6,0
u213,7,0
u213,8,0
u213,9,0
u213,10,0
u213,11,0
u213,12,0
u213,13,0
u213,14,0
u213,15,0
u213,16,0
u213,17,0
u213,18,0
u213,19,0
u213,20,0
u213,21,0
u213,22,0
u213,23,0
u213,24,0
u213,25,0
u213,26,0
u213,27,0
u213,28,0
u213,29,0
u213,30,0
u213,31,0
u213,32,0
u213,33,0
u213,34,0
u213,35,0
u213,36,0
u213,37,0
u213,38,0
u213,39,0
u213,40,0
u213,41,0
u213,42,0
u213,43,0
u213,44,0
u213,45,0
u213,46,0
u213,47,0
u213,48,0
u213,49,0
u213,50,0
u213,51,0
u213,52,0
u213,53,0
u213,54,0
u213,55,0
u213,56,0
u213,57,0
u213,58,0
u213,59,0
u213,60,0
u215,0,0
u215,1,-49722.852906455
u215,2,-45355.110420451
u215,3,-48686.02609996
u215,4,-48607.656889626
u215,5,-48047.789034007
u215,6,-41867.92136089
u215,7,-49576.095831495
u215,8,-42586.716624183
u215,9,-38210.245806868
u215,10,-36642.568967162
u215,11,-36970.430491187
u215,12,-33940.617914702
u215,13,-31751.323430623
u215,14,-30281.429674752
u215,15,-28753.146510291
u215,16,-27175.295647148
u215,17,-25558.140976756
u215,18,-23912.446640457
u215,19,-22249.878369703
u215,20,-20582.233101477
u215,21,-18906.14739841
u215,22,-17186.997036517
u215,23,-15579.27555077
u215,24,-14013.397479048
u215,25,-12506.057514602
u215,26,-11067.904943554
u215,27,-9710.0770062198
u215,28,-8442.4367459957
u215,29,-7276.0093862533
u215,30,-6214.7288511185
u215,31,-5260.3571676818
u215,32,-4413.9453790984
u215,33,-3673.3323395829
u215,34,-3034.0709361502
u215,35,-2489.8601673813
u215,36,-2032.8148858929
u215,37,-1653.6536627228
u215,38,-1342.7193633408
u215,39,-1090.1606043889
u215,40,-885.85648520936
u215,41,-721.83017236051
u215,42,-590.57696654969
u215,43,-484.90055961652
u215,44,-400.39520068961
u215,45,-332.05144494294
u215,46,-276.45424963375
u215,47,-230.99695001911
u215,48,-193.63169739653
u215,49,-162.61740883893
u215,50,-136.71698618116
u215,51,-115.44430003827
u215,52,0
u215,53,0
u215,54,0
u215,55,0
u215,56,0
u215,57,0
u215,58,0
u215,59,0
u215,60,0
u218,0,0
u218,1,-77.133444446
u218,2,-78.737960715421
u218,3,-90.1878929135
u218,4,-130.18456552863
u218,5,-134.84523530701
u218,6,-156.2102648485
u218,7,-168.42242614298
u218,8,-167.05515310562
u218,9,-169.32931753235
u218,10,-186.94172259728
u218,11,-229.93915943462
u218,12,-242.63467434018
u218,13,-244.06791282194
u218,14,-252.11896024204
u218,15,-258.56502932942
u218,16,-278.88026190905
u218,17,-284.81076031335
u218,18,-284.83508846259
u218,19,-284.20104730828
u218,20,-284.18457455655
u218,21,-283.11736009798
u218,22,-282.06768252113
u218,23,-279.54778071852
u218,24,-276.17938428255
u218,25,-272.1539948473
u218,26,-267.47481429918
u218,27,-262.08708778043
u218,28,-256.09725873458
u218,29,-249.55425076774
u218,30,-242.49716697086
u218,31,-234.92767500526
u218,32,-226.85464970663
u218,33,-218.27657903878
u218,34,-209.20583950107
u218,35,-199.67804291699
u218,36,-189.75226398355
u218,37,-179.50173094393
u218,38,-168.95839656553
u218,39,-158.1629443534
u218,40,-147.14830293632
u218,41,-77.3084081925
u218,42,-124.97909172392
u218,43,0
u218,44,0
u218,45,0
u218,46,0
u218,47,0
u218,48,0
u218,49,0
u218,50,0
u218,51,0
u218,52,0
u218,53,0
u218,54,0
u218,55,0
u218,56,0
u218,57,0
u218,58,0
u218,59,0
u218,60,0
u220,0,0
u220,1,-246.53752371
u220,2,-245.82853617674
u220,3,-259.02915991682
u220,4,-321.46225691631
u220,5,-321.23896891626
u220,6,-321.88629878847
u220,7,-323.71631226424
u220,8,-326.18062393667
u220,9,-331.88081930156
u220,10,-334.52015021623
u220,11,-347.88289590073
u220,12,-355.63120406317
u220,13,-351.59865773484
u220,14,-347.00883558458
u220,15,-344.72160543074
u220,16,-344.03394573967
u220,17,-340.04397268751
u220,18,-333.30526374658
u220,19,-326.87874530773
u220,20,-325.46555161402
u220,21,-316.65710839044
u220,22,-307.32288811562
u220,23,-297.53695330959
u220,24,-287.34245237433
u220,25,-276.78964250432
u220,26,-265.91879718838
u220,27,-254.89234214411
u220,28,-243.69920763105
u220,29,-232.45734826794
u220,30,-220.34046316924
u220,31,-209.29897531549
u220,32,-198.24161210834
u220,33,-186.52882758762
u220,34,-175.34951309538
u220,35,-164.04800193391
u220,36,-151.92545190595
u220,37,-140.81734528872
u220,38,-128.67411579384
u220,39,-117.80347597501
u220,40,-107.04450668669
u220,41,-96.115414402352
u220,42,-85.535106908193
u220,43,-74.960845738928
u220,44,-65.048209713923
u220,45,-55.788147011672
u220,46,-47.160329433607
u220,47,-39.243054186544
u220,48,-32.074894625815
u220,49,-25.7174495472
u220,50,-20.045975799302
u220,51,-15.018835340793
u220,52,-10.577931256395
u220,53,-7.2925515283903
u220,54,-5.2928276799482
u220,55,-3.7922843246622
u220,56,0
u220,57,0
u220,58,0
u220,59,0
u220,60,0
u221,0,0
u221,1,-530.614860721
u221,2,-641.06106853143
u221,3,-572.83659046948
u221,4,-650.37329467588
u221,5,-590.94952879799
u221,6,-353.54863295829
u221,7,-192.89600183116
u221,8,-117.8531906592
u221,9,-115.81691027681
u221,10,-113.59019423164
u221,11,-111.16120593869
u221,12,-108.52196029557
u221,13,-105.66785516395
u221,14,-102.5962461938
u221,15,-99.30460716853
u221,16,-95.795536623227
u221,17,-92.075297451692
u221,18,-88.15483860065
u221,19,-84.056342623014
u221,20,-79.806628726051
u221,21,-75.433128740772
u221,22,-70.965775093722
u221,23,-66.437433299939
u221,24,-61.879915295444
u221,25,-57.324753322426
u221,26,-52.80528343858
u221,27,-48.356249623838
u221,28,-44.003371032751
u221,29,-39.77046791495
u221,30,-35.691121660556
u221,31,-31.797842138867
u221,32,-28.105384628531
u221,33,-24.633564098233
u221,34,-21.394889382905
u221,35,-18.400901218322
u221,36,-15.640795472229
u221,37,-13.086022126587
u221,38,-10.89654884112
u221,39,-8.9574498672829
u221,40,-7.2629930493802
u221,41,-5.8034780669684
u221,42,-4.5653758282895
u221,43,-3.5311880163672
u221,44,-2.6821418636559
u221,45,0
u221,46,0
u221,47,0
u221,48,0
u221,49,0
u221,50,0
u221,51,0
u221,52,0
u221,53,0
u221,54,0
u221,55,0
u221,56,0
u221,57,0
u221,58,0
u221,59,0
u221,60,0
u229,0,0
u229,1,-10187.052301679
u229,2,-8653.4785250333
u229,3,-7645.1878626836
u229,4,-7119.9928489505
u229,5,-6499.6551880897
u229,6,-5976.3253240045
u229,7,-5629.1098312975
u229,8,-5286.6803343722
u229,9,-5061.3083863934
u229,10,-4765.270218641
u229,11,-4416.3344120572
u229,12,-4187.7489977957
u229,13,-4031.5951406828
u229,14,-3898.5434272298
u229,15,-3747.8555724664
u229,16,-3574.403245846
u229,17,-3420.3190458852
u229,18,-3233.6604421561
u229,19,-3058.4436854618
u229,20,-2888.0345332629
u229,21,-2732.6802895199
u229,22,-2553.6575490849
u229,23,-2397.6461818823
u229,24,-2248.4359229436
u229,25,-2098.8392939936
u229,26,-1955.379732531
u229,27,-1818.6994861104
u229,28,-1684.9381912241
u229,29,-1557.7926861473
u229,30,-1432.1803341591
u229,31,-1316.9948066773
u229,32,-1206.3882551058
u229,33,-1099.7533636507
u229,34,-996.43492168029
u229,35,-900.35592644034
u229,36,-805.62115469432
u229,37,-722.26119140551
u229,38,-644.30760148468
u229,39,-571.82666117065
u229,40,-504.6235531713
u229,41,-440.91914423517
u229,42,-384.70224379159
u229,43,-333.47811925157
u229,44,-286.29861192694
u229,45,-244.50806079876
u229,46,-207.01647842941
u229,47,-173.44531578368
u229,48,-143.94127185927
u229,49,-115.83612503754
u229,50,-92.316685826428
u229,51,-73.291016950681
u229,52,-55.435449564554
u229,53,-42.93171955183
u229,54,-32.743569232241
u229,55,0
u229,56,0
u229,57,0
u229,58,0
u229,59,0
u229,60,0
u230,0,0
u230,1,-1718.239303105
u230,2,-1692.8274251604
u230,3,-1648.2271176154
u230,4,-1599.3950274407
u230,5,-1545.3396174032
u230,6,-1478.590324364
u230,7,-1406.8853224614
u230,8,-1332.5884900465
u230,9,-1256.3111956423
u230,10,-1179.1461297508
u230,11,-1099.919230867
u230,12,-1021.7389449494
u230,13,-944.71795742001
u230,14,-870.20234655909
u230,15,-798.70933672091
u230,16,-730.48506234321
u230,17,-665.75423347858
u230,18,-604.69731926734
u230,19,-547.47232129564
u230,20,-494.18201769146
u230,21,-444.88217398557
u230,22,-399.54626013254
u230,23,-358.08839462399
u230,24,-320.34410253015
u230,25,-286.09751683157
u230,26,-255.10233725563
u230,27,-227.08449756683
u230,28,-201.78962273725
u230,29,-178.94332107197
u230,30,-158.26464610252
u230,31,-139.4837351409
u230,32,-122.37140046349
u230,33,-106.75180551791
u230,34,-92.484075661815
u230,35,-79.473156142263
u230,36,-67.658029286481
u230,37,-56.99465512974
u230,38,-47.450129029043
u230,39,-38.993598799771
u230,40,-31.592929880935
u230,41,-25.20694100672
u230,42,-19.7825525186
u230,43,-15.254109283419
u230,44,-11.543786358424
u230,45,-8.5638563831167
u230,46,0
u230,47,0
u230,48,0
u230,49,0
u230,50,0
u230,51,0
u230,52,0
u230,53,0
u230,54,0
u230,55,0
u230,56,0
u230,57,0
u230,58,0
u230,59,0
u230,60,0
u231,0,0
u231,1,-312.26777278
u231,2,-311.25938119107
u231,3,-308.79866859159
u231,4,-306.31674376994
u231,5,-303.80144640067
u231,6,-301.21519628884
u231,7,-298.50323972301
u231,8,-478.17947731024
u231,9,-636.36574445701
u231,10,-779.01465380466
u231,11,-771.75878577318
u231,12,-764.07804431473
u231,13,-755.92103543712
u231,14,-747.20354817095
u231,15,-737.81650138706
u231,16,-727.64535148332
u231,17,-716.57827127696
u231,18,-704.51440883533
u231,19,-691.37363079303
u231,20,-677.10255787958
u231,21,-661.68124917572
u231,22,-645.11161265436
u231,23,-627.41130960635
u231,24,-608.6237569915
u231,25,-588.81518605744
u231,26,-568.06313458107
u231,27,-546.43839011624
u231,28,-523.89970648254
u231,29,-500.44433063806
u231,30,-476.08240715751
u231,31,-451.00200591724
u231,32,-425.43769771702
u231,33,-399.6524323493
u231,34,-373.87763382576
u231,35,-348.28456409722
u231,36,-322.94295768845
u231,37,-297.86849577752
u231,38,-273.04653366531
u231,39,-248.57714515434
u231,40,-224.6361753055
u231,41,-201.45754057276
u231,42,-179.23999678122
u231,43,-158.1177693138
u231,44,-138.07301616465
u231,45,-119.21705747922
u231,46,-101.64341538117
u231,47,-85.439109816585
u231,48,-70.699002531059
u231,49,-57.579589232452
u231,50,-46.124068588262
u231,51,-33.544018184412
u231,52,-26.422024081824
u231,53,-20.342616901933
u231,54,-15.236257401921
u231,55,-11.035915509591
u231,56,0
u231,57,0
u231,58,0
u231,59,0
u231,60,0
u301,0,0
u301,1,-1142.209387694
u301,2,-1044.9399409941
u301,3,-1109.022926547
u301,4,-1735.3989667569
u301,5,-1947.1737628245
u301,6,-895.25025029827
u301,7,-671.0569536998
u301,8,-2255.9406408176
u301,9,-1316.7336833807
u301,10,-795.30953607055
u301,11,-2446.7015828562
u301,12,-1302.8647719776
u301,13,-594.00244205975
u301,14,-1092.7433670612
u301,15,-539.90053129007
u301,16,-606.40200692924
u301,17,-590.57269143664
u301,18,-620.59540000118
u301,19,-431.52766815848
u301,20,-422.21728936777
u301,21,-305.80595068226
u301,22,-232.43394531353
u301,23,-289.03701118321
u301,24,-345.40003595933
u301,25,-296.32812397227
u301,26,-195.50148598582
u301,27,-144.91610762896
u301,28,-173.27356762955
u301,29,-178.63394873316
u301,30,-169.14045586565
u301,31,-159.59254937373
u301,32,-127.16866445764
u301,33,-155.06875126395
u301,34,-108.11547270491
u301,35,-85.065077221408
u301,36,-77.488430616189
u301,37,-98.837146211337
u301,38,-63.18888291638
u301,39,-56.031781581044
u301,40,-49.180248948854
u301,41,-42.698260270131
u301,42,-37.012226593349
u301,43,-30.871234283841
u301,44,-26.009276969953
u301,45,-21.777643159261
u301,46,-17.51639666407
u301,47,-13.554907743792
u301,48,-10.856893406557
u301,49,-9.1335347919573
u301,50,-6.6986524594379
u301,51,0
u301,52,0
u301,53,0
u301,54,0
u301,55,0
u301,56,0
u301,57,0
u301,58,0
u301,59,0
u301,60,0
u302,0,0
u302,1,-7459.624709046
u302,2,-11053.500809091
u302,3,-10456.855371584
u302,4,-8089.7699832873
u302,5,-8888.4719969165
u302,6,-7582.1481032391
u302,7,-6791.1749483165
u302,8,-7221.722728867
u302,9,-8635.0126685746
u302,10,-7605.6778925274
u302,11,-6423.3479323321
u302,12,-6135.9002669426
u302,13,-6112.7949788724
u302,14,-5873.1908677793
u302,15,-4684.0371984377
u302,16,-4927.8496322222
u302,17,-4355.2806607771
u302,18,-3403.348693456
u302,19,-3547.0657572285
u302,20,-2980.5931961143
u302,21,-2316.5456421568
u302,22,-1659.2498055433
u302,23,-1306.504466822
u302,24,-957.18334613379
u302,25,-663.57579828661
u302,26,-398.88892653605
u302,27,-308.37566273479
u302,28,-180.44069790595
u302,29,-120.61461446953
u302,30,-76.814777874861
u302,31,-49.722401544622
u302,32,0
u302,33,0
u302,34,0
u302,35,0
u302,36,0
u302,37,0
u302,38,0
u302,39,0
u302,40,0
u302,41,0
u302,42,0
u302,43,0
u302,44,0
u302,45,0
u302,46,0
u302,47,0
u302,48,0
u302,49,0
u302,50,0
u302,51,0
u302,52,0
u302,53,0
u302,54,0
u302,55,0
u302,56,0
u302,57,0
u302,58,0
u302,59,0
u302,60,0
u303,0,0
u303,1,-6123.098404537
u303,2,-1400.8621741761
u303,3,-418.56534833967
u303,4,-86.858845724148
u303,5,-12.664106651896
u303,6,-5.5977069807946
u303,7,-2.4771110211047
u303,8,0
u303,9,0
u303,10,0
u303,11,0
u303,12,0
u303,13,0
u303,14,0
u303,15,0
u303,16,0
u303,17,0
u303,18,0
u303,19,0
u303,20,0
u303,21,0
u303,22,0
u303,23,0
u303,24,0
u303,25,0
u303,26,0
u303,27,0
u303,28,0
u303,29,0
u303,30,0
u303,31,0
u303,32,0
u303,33,0
u303,34,0
u303,35,0
u303,36,0
u303,37,0
u303,38,0
u303,39,0
u303,40,0
u303,41,0
u303,42,0
u303,43,0
u303,44,0
u303,45,0
u303,46,0
u303,47,0
u303,48,0
u303,49,0
u303,50,0
u303,51,0
u303,52,0
u303,53,0
u303,54,0
u303,55,0
u303,56,0
u303,57,0
u303,58,0
u303,59,0
u303,60,0
u304,0,0
u304,1,-1240.446922912
u304,2,-930.52154637772
u304,3,-1713.5415190775
u304,4,-1263.3464743935
u304,5,-970.28933510779
u304,6,-887.73772943018
u304,7,-1280.7817406744
u304,8,-865.94433706335
u304,9,-735.95619446116
u304,10,-1153.2678742446
u304,11,-890.94159164359
u304,12,-628.48373898054
u304,13,-760.00466973578
u304,14,-764.63691796116
u304,15,-645.62412301454
u304,16,-499.17013304866
u304,17,-756.20285505743
u304,18,-570.46577090591
u304,19,-747.89551516602
u304,20,-567.46358409418
u304,21,-680.85156694383
u304,22,-663.99767406726
u304,23,-522.92022396258
u304,24,-541.81807382421
u304,25,-462.90957609895
u304,26,-303.85043847827
u304,27,-390.68290989028
u304,28,-284.19130377825
u304,29,-287.48975215165
u304,30,-150.56360777191
u304,31,-268.91465567967
u304,32,-227.37981690963
u304,33,-67.019355356095
u304,34,-126.41498291529
u304,35,-166.21242837407
u304,36,-150.12476381403
u304,37,-59.329978500654
u304,38,-37.007940179488
u304,39,-15.044576378051
u304,40,-9.9138916283058
u304,41,-16.915953184727
u304,42,0
u304,43,0
u304,44,0
u304,45,0
u304,46,0
u304,47,0
u304,48,0
u304,49,0
u304,50,0
u304,51,0
u304,52,0
u304,53,0
u304,54,0
u304,55,0
u304,56,0
u304,57,0
u304,58,0
u304,59,0
u304,60,0
u305,0,0
u305,1,-139.388850209
u305,2,-138.99513107931
u305,3,-163.24571227842
u305,4,-189.87598839817
u305,5,-117.30002646772
u305,6,-84.858739043552
u305,7,-57.333336159232
u305,8,-47.321262703252
u305,9,-43.266781218062
u305,10,-34.087659325212
u305,11,-35.251738841715
u305,12,-28.559063992932
u305,13,-26.811476626348
u305,14,-24.782335727456
u305,15,-18.451743881779
u305,16,-17.285874556527
u305,17,-10.096543366813
u305,18,-11.906543905872
u305,19,-9.0917563710365
u305,20,-9.9197348194381
u305,21,-8.9384967688702
u305,22,-6.0478133180187
u305,23,-5.2253666025611
u305,24,-7.0569103493264
u305,25,-4.7362861610338
u305,26,-3.4665761555768
u305,27,-3.8878846562318
u305,28,-2.9090797846208
u305,29,-2.3249339516173
u305,30,-1.6455032526807
u305,31,-1.1170576367567
u305,32,-1.2858727363195
u305,33,-0.88213791284201
u305,34,-0.64460289180115
u305,35,0
u305,36,0
u305,37,0
u305,38,0
u305,39,0
u305,40,0
u305,41,0
u305,42,0
u305,43,0
u305,44,0
u305,45,0
u305,46,0
u305,47,0
u305,48,0
u305,49,0
u305,50,0
u305,51,0
u305,52,0
u305,53,0
u305,54,0
u305,55,0
u305,56,0
u305,57,0
u305,58,0
u305,59,0
u305,60,0
u310,0,0
u310,1,-2309.323699044
u310,2,-2310.7440907996
u310,3,-1770.5060510759
u310,4,-1676.3587806297
u310,5,-1327.7806639326
u310,6,-857.20633451821
u310,7,-732.50678536182
u310,8,-906.93650199026
u310,9,-555.39922606616
u310,10,-588.78754297737
u310,11,-633.04556118427
u310,12,-823.44622942192
u310,13,-753.46782257304
u310,14,-667.61213423462
u310,15,-494.8216525274
u310,16,-654.75093898411
u310,17,-617.71692399871
u310,18,-758.49522785304
u310,19,-657.96998343113
u310,20,-525.96583547941
u310,21,-632.12537094581
u310,22,-624.02023322273
u310,23,-498.3301930438
u310,24,-575.1912763104
u310,25,-271.27086926053
u310,26,-274.54870926663
u310,27,-268.4964176466
u310,28,-320.22927893774
u310,29,-325.54101184364
u310,30,-243.78626423738
u310,31,-154.21194941629
u310,32,-134.10318780562
u310,33,-101.18286017576
u310,34,-124.98472761105
u310,35,-81.982536465805
u310,36,-57.10843204857
u310,37,-83.749697642147
u310,38,-17.384644278792
u310,39,-19.055445977784
u310,40,-6.1902113627109
u310,41,-22.205632221995
u310,42,0
u310,43,0
u310,44,0
u310,45,0
u310,46,0
u310,47,0
u310,48,0
u310,49,0
u310,50,0
u310,51,0
u310,52,0
u310,53,0
u310,54,0
u310,55,0
u310,56,0
u310,57,0
u310,58,0
u310,59,0
u310,60,0
u311,0,0
u311,1,-5788.308234814
u311,2,-4981.1147597316
u311,3,-4266.2224603939
u311,4,-3267.31855859
u311,5,-2517.066941498
u311,6,-1736.2052566447
u311,7,-1384.9957766457
u311,8,-1503.036316188
u311,9,-1484.9698584828
u311,10,-1007.5858037383
u311,11,-813.43633490034
u311,12,-1684.9743970338
u311,13,-934.37526136639
u311,14,-1127.6610234281
u311,15,-913.42290235918
u311,16,-445.22380455721
u311,17,-454.68392255534
u311,18,-287.93979554968
u311,19,-325.98106379949
u311,20,-334.56247784743
u311,21,-218.00005616634
u311,22,-182.81013794996
u311,23,-194.96823463325
u311,24,-109.22359407268
u311,25,-92.972122699898
u311,26,-87.792006638702
u311,27,-71.394074574389
u311,28,-55.237982387608
u311,29,-53.667080011214
u311,30,-35.244631445333
u311,31,-30.30037736027
u311,32,-17.093461291525
u311,33,-30.433576872059
u311,34,-16.087663139233
u311,35,-25.45538065421
u311,36,0
u311,37,0
u311,38,0
u311,39,0
u311,40,0
u311,41,0
u311,42,0
u311,43,0
u311,44,0
u311,45,0
u311,46,0
u311,47,0
u311,48,0
u311,49,0
u311,50,0
u311,51,0
u311,52,0
u311,53,0
u311,54,0
u311,55,0
u311,56,0
u311,57,0
u311,58,0
u311,59,0
u311,60,0
u399,0,0
u399,1,-278.798856245
u399,2,-699.58453862278
u399,3,-979.68032158825
u399,4,-1223.9683328367
u399,5,-768.57848403101
u399,6,-775.30194230374
u399,7,-1462.5354231596
u399,8,-662.54443686186
u399,9,-696.52960902623
u399,10,-1021.3711759646
u399,11,-1391.5443097862
u399,12,-679.96156339434
u399,13,-942.18016181876
u399,14,-274.03745836293
u399,15,-601.75476034126
u399,16,-417.29520398353
u399,17,-222.79894767507
u399,18,-219.0741946802
u399,19,-43.074670374574
u399,20,-197.82490853348
u399,21,-417.11451645815
u399,22,-175.4385474139
u399,23,-209.7957722182
u399,24,-26.7123734453
u399,25,-164.58597544178
u399,26,-170.45450951622
u399,27,-14.133089121935
u399,28,-8.328076014585
u399,29,-6.1347753202819
u399,30,-21.372130746706
u399,31,-0.23617222896649
u399,32,-2.57553816211
u399,33,-0.23458603310563
u399,34,-0.2450095538959
u399,35,-0.25597813969233
u399,36,-0.26744671561503
u399,37,-0.27951867330239
u399,38,-0.29205391611112
u399,39,-0.30516883888215
u399,40,-0.31893861748949
u399,41,-0.33343782732793
u399,42,-28.523970337973
u399,43,0
u399,44,0
u399,45,0
u399,46,0
u399,47,0
u399,48,0
u399,49,0
u399,50,0
u399,51,0
u399,52,0
u399,53,0
u399,54,0
u399,55,0
u399,56,0
u399,57,0
u399,58,0
u399,59,0
u399,60,0
u490,0,0
u490,1,0
u490,2,0
u490,3,0
u490,4,0
u490,5,0
u490,6,0
u490,7,0
u490,8,0
u490,9,0
u490,10,0
u490,11,0
u490,12,0
u490,13,0
u490,14,0
u490,15,0
u490,16,0
u490,17,0
u490,18,0
u490,19,0
u490,20,0
u490,21,0
u490,22,0
u490,23,0
u490,24,0
u490,25,0
u490,26,0
u490,27,0
u490,28,0
u490,29,0
u490,30,0
u490,31,0
u490,32,0
u490,33,0
u490,34,0
u490,35,0
u490,36,0
u490,37,0
u490,38,0
u490,39,0
u490,40,0
u490,41,0
u490,42,0
u490,43,0
u490,44,0
u490,45,0
u490,46,0
u490,47,0
u490,48,0
u490,49,0
u490,50,0
u490,51,0
u490,52,0
u490,53,0
u490,54,0
u490,55,0
u490,56,0
u490,57,0
u490,58,0
u490,59,0
u490,60,0
